PDATA_CODE,PDATA_NAME,PDATA_NM_AMT,PDATA_MB_DSC,PDATA_HT_DSC,PDATA_B4_UDSC,PDATA_UDSC_PCNTV,PDATA_UCPN_PCNTV,PDATA_UDSC_BAHTV,PDATA_UCPN_BAHTV,PDATA_B4_MKT,PDATA_MKT,PDATA_AF_MKT,PDATA_TUDSC_PCNTV,PDATA_TUCPN_PCNTV,PDATA_TUDSC_BAHTV,PDATA_TUCPN_BAHTV,PDATA_CARD_BAHTV,PDATA_NET_SELL,PDATA_NET_VAT,PDATA_NET_AMT,PDATA_QTY,PDATA_COST,PDATA_CNT,Unnamed: 24,NAME
10/10/2568,,94885.0,0.0,0,94885.0,0.0,0,425.0,0,94460.0,15.0,94445.0,0,0,270.0,0,0,88585.17,5589.83,94175.0,5386.0,78610.89,286,,ศรีเมือง
11/10/2568,,108813.0,0.0,0,108813.0,0.0,0,838.0,0,107975.0,0.0,107975.0,0,0,1131.0,0,0,101976.82,4867.18,106844.0,5609.0,91920.93,280,,ศรีเมือง
12/10/2568,,75304.0,0.0,0,75304.0,0.0,0,880.0,0,74424.0,0.0,74424.0,0,0,185.0,0,0,71211.51,3027.49,74239.0,4523.0,62254.61,217,,ศรีเมือง
13/10/2568,,92834.0,0.0,0,92834.0,0.0,0,604.0,0,92230.0,0.0,92230.0,0,0,310.0,0,0,87798.81,4121.19,91920.0,4959.0,77920.41,259,,ศรีเมือง
14/10/2568,,76449.0,0.0,0,76449.0,0.0,0,1046.0,0,75403.0,0.0,75403.0,0,0,15.0,0,0,72086.93,3301.07,75388.0,4200.0,63960.59,230,,ศรีเมือง
15/10/2568,,78862.0,0.0,0,78862.0,0.0,0,729.0,0,78133.0,0.0,78133.0,0,0,160.0,0,0,74471.99,3501.01,77973.0,4354.0,65021.91,238,,ศรีเมือง
16/10/2568,,125779.0,0.0,0,125779.0,0.0,0,2486.0,0,123293.0,0.0,123293.0,0,0,0.0,0,0,117192.62,6100.38,123293.0,5984.0,106044.39,241,,ศรีเมือง
17/10/2568,,110271.0,0.0,0,110271.0,0.0,0,1072.0,0,109199.0,0.0,109199.0,0,0,150.0,0,0,104045.01,5003.99,109049.0,6412.0,92828.19,288,,ศรีเมือง
18/10/2568,,118986.0,0.0,0,118986.0,0.0,0,1740.0,0,117246.0,0.0,117246.0,0,0,20.0,0,0,111902.03,5323.97,117226.0,6403.0,99955.49,300,,ศรีเมือง
19/10/2568,,70377.0,0.0,0,70377.0,0.0,0,838.0,0,69539.0,0.0,69539.0,0,0,0.0,0,0,66834.66,2704.34,69539.0,4228.0,57912.27,229,,ศรีเมือง
20/10/2568,,104816.0,0.0,0,104816.0,0.0,0,1417.0,0,103399.0,0.0,103399.0,0,0,40.0,0,0,98889.68,4469.32,103359.0,6519.0,86588.63,274,,ศรีเมือง
21/10/2568,,83594.0,0.0,0,83594.0,0.0,0,1328.0,0,82266.0,0.0,82266.0,0,0,250.0,0,0,78521.87,3494.13,82016.0,5255.0,69134.51,246,,ศรีเมือง
22/10/2568,,95425.0,0.0,0,95425.0,0.0,0,1371.0,0,94054.0,0.0,94054.0,0,0,0.0,0,0,89517.07,4536.93,94054.0,5370.0,79439.84,257,,ศรีเมือง
23/10/2568,,103763.0,0.0,0,103763.0,0.0,0,1461.0,0,102302.0,0.0,102302.0,0,0,120.0,0,0,97551.74,4630.26,102182.0,6472.0,86483.97,267,,ศรีเมือง
24/10/2568,,89375.0,0.0,0,89375.0,0.0,0,1022.0,0,88353.0,0.0,88353.0,0,0,130.0,0,0,84381.24,3841.76,88223.0,5149.0,74661.32,277,,ศรีเมือง
25/10/2568,,112431.0,0.0,0,112431.0,0.0,0,934.0,0,111497.0,0.0,111497.0,0,0,170.0,0,0,106328.54,4998.46,111327.0,6134.0,93432.62,298,,ศรีเมือง
26/10/2568,,77424.0,0.0,0,77424.0,0.0,0,811.0,0,76613.0,0.0,76613.0,0,0,20.0,0,0,73428.78,3164.22,76593.0,4530.0,63482.92,241,,ศรีเมือง
27/10/2568,,106305.0,0.0,0,106305.0,0.0,0,872.0,0,105433.0,0.0,105433.0,0,0,30.0,0,0,100475.09,4927.91,105403.0,6004.0,89020.74,276,,ศรีเมือง
28/10/2568,,76623.0,0.0,0,76623.0,0.0,0,510.0,0,76113.0,0.0,76113.0,0,0,0.0,0,0,72982.5,3130.5,76113.0,4306.0,62985.1,263,,ศรีเมือง
29/10/2568,,77726.0,0.0,0,77726.0,0.0,0,719.0,0,77007.0,0.0,77007.0,0,0,75.0,0,0,73383.66,3548.34,76932.0,4337.0,64080.91,234,,ศรีเมือง
30/10/2568,,90616.0,0.0,0,90616.0,0.0,0,1431.0,0,89185.0,0.0,89185.0,0,0,70.0,0,0,85337.49,3777.51,89115.0,5100.0,74874.75,243,,ศรีเมือง
31/10/2568,,101784.0,0.0,0,101784.0,0.0,0,790.0,0,100994.0,0.0,100994.0,0,0,220.0,0,0,96286.08,4487.92,100774.0,5571.0,83641.01,280,,ศรีเมือง
1/11/2568,,105399.0,0.0,0,105399.0,0.0,0,1489.0,0,103910.0,0.0,103910.0,0,0,65.0,0,0,98988.82,4856.18,103845.0,4673.0,87588.39,262,,ศรีเมือง
2/11/2568,,72873.0,0.0,0,72873.0,0.0,0,1099.4,0,71773.6,0.0,71773.6,0,0,0.0,0,0,68786.55,2987.05,71773.6,3411.0,58454.84,216,,ศรีเมือง
3/11/2568,,96174.0,0.0,0,96174.0,0.0,0,1276.0,0,94898.0,0.0,94898.0,0,0,0.0,0,0,90554.73,4343.27,94898.0,4051.0,79032.64,250,,ศรีเมือง
4/11/2568,,95567.0,0.0,0,95567.0,0.0,0,1570.0,0,93997.0,0.0,93997.0,0,0,0.0,0,0,89872.1,4124.9,93997.0,4177.0,78411.95,256,,ศรีเมือง
5/11/2568,,73048.0,0.0,0,73048.0,0.0,0,327.0,0,72721.0,0.0,72721.0,0,0,20.0,0,0,69787.19,2913.81,72701.0,3262.0,59176.33,226,,ศรีเมือง
6/11/2568,,115322.0,0.0,0,115322.0,0.0,0,2558.0,0,112764.0,0.0,112764.0,0,0,40.0,0,0,107454.4,5269.6,112724.0,4748.0,96237.09,273,,ศรีเมือง
7/11/2568,,79913.0,0.0,0,79913.0,0.0,0,658.0,0,79255.0,0.0,79255.0,0,0,0.0,0,0,76152.55,3102.45,79255.0,3741.0,64552.58,260,,ศรีเมือง
8/11/2568,,85607.0,0.0,0,85607.0,0.0,0,1405.0,0,84202.0,0.0,84202.0,0,0,2.0,0,0,80628.4,3571.6,84200.0,3879.0,70197.41,265,,ศรีเมือง
9/11/2568,,73126.0,0.0,0,73126.0,0.0,0,835.0,0,72291.0,0.0,72291.0,0,0,0.0,0,0,69306.7,2984.3,72291.0,3626.0,59179.58,246,,ศรีเมือง
10/11/2568,,94799.0,0.0,0,94799.0,0.0,0,702.0,0,94097.0,0.0,94097.0,0,0,20.0,0,0,89850.81,4226.19,94077.0,4275.0,77056.0,238,,ศรีเมือง
11/11/2568,,89097.0,0.0,0,89097.0,0.0,0,1030.0,0,88067.0,0.0,88067.0,0,0,0.0,0,0,84088.89,3978.11,88067.0,3871.0,72867.75,248,,ศรีเมือง
12/11/2568,,79227.0,0.0,0,79227.0,0.0,0,537.0,0,78690.0,0.0,78690.0,0,0,291.0,0,0,75021.63,3377.37,78399.0,3744.0,62792.57,251,,ศรีเมือง
13/11/2568,,113157.0,0.0,0,113157.0,0.0,0,2073.0,0,111084.0,0.0,111084.0,0,0,80.0,0,0,105821.94,5182.06,111004.0,4583.0,93328.43,266,,ศรีเมือง
14/11/2568,,76608.0,0.0,0,76608.0,0.0,0,447.0,0,76161.0,0.0,76161.0,0,0,40.0,0,0,73092.33,3028.67,76121.0,3870.0,62092.59,278,,ศรีเมือง
15/11/2568,,89492.0,0.0,0,89492.0,0.0,0,1103.0,0,88389.0,0.0,88389.0,0,0,9.0,0,0,84384.64,3995.36,88380.0,3765.0,73588.1,270,,ศรีเมือง
16/11/2568,,71873.0,0.0,0,71873.0,0.0,0,1070.0,0,70803.0,0.0,70803.0,0,0,0.0,0,0,68035.31,2767.69,70803.0,3364.0,57814.08,219,,ศรีเมือง
17/11/2568,,101710.0,0.0,0,101710.0,0.0,0,773.0,0,100937.0,0.0,100937.0,0,0,0.0,0,0,96450.63,4486.37,100937.0,4699.0,83620.07,298,,ศรีเมือง
18/11/2568,,91961.0,0.0,0,91961.0,0.0,0,1452.0,0,90509.0,0.0,90509.0,0,0,0.0,0,0,86481.88,4027.12,90509.0,3984.0,75071.81,278,,ศรีเมือง
19/11/2568,,84817.0,0.0,0,84817.0,0.0,0,1192.0,0,83625.0,0.0,83625.0,0,0,0.0,0,0,79863.36,3761.64,83625.0,3679.0,69104.63,275,,ศรีเมือง
20/11/2568,,114467.0,0.0,0,114467.0,0.0,0,2366.0,0,112101.0,0.0,112101.0,0,0,20.0,0,0,106507.01,5573.99,112081.0,5112.0,95436.43,278,,ศรีเมือง
21/11/2568,,89609.0,0.0,0,89609.0,0.0,0,1008.0,0,88601.0,0.0,88601.0,0,0,200.0,0,0,84716.91,3684.09,88401.0,4133.0,73236.4,290,,ศรีเมือง
22/11/2568,,87845.0,0.0,0,87845.0,0.0,0,904.0,0,86941.0,0.0,86941.0,0,0,0.0,0,0,82980.77,3960.23,86941.0,3987.0,72093.03,255,,ศรีเมือง
23/11/2568,,73065.0,0.0,0,73065.0,0.0,0,700.0,0,72365.0,0.0,72365.0,0,0,0.0,0,0,69388.44,2976.56,72365.0,3521.0,58945.57,235,,ศรีเมือง
24/11/2568,,105038.0,0.0,0,105038.0,0.0,0,1508.0,0,103530.0,0.0,103530.0,0,0,0.0,0,0,98771.74,4758.26,103530.0,4556.0,86964.36,300,,ศรีเมือง
25/11/2568,,77389.0,0.0,0,77389.0,0.0,0,901.0,0,76488.0,0.0,76488.0,0,0,100.0,0,0,73145.03,3242.97,76388.0,3251.0,62888.04,251,,ศรีเมือง
26/11/2568,,78321.0,0.0,0,78321.0,0.0,0,590.0,0,77731.0,0.0,77731.0,0,0,0.0,0,0,74414.2,3316.8,77731.0,3754.0,63760.94,254,,ศรีเมือง
27/11/2568,,145230.0,0.0,0,145230.0,0.0,0,2382.0,0,142848.0,0.0,142848.0,0,0,0.0,0,0,135669.24,7178.76,142848.0,6552.0,123611.65,266,,ศรีเมือง
28/11/2568,,105034.0,0.0,0,105034.0,0.0,0,1047.0,0,103987.0,0.0,103987.0,0,0,0.0,0,0,99307.65,4679.35,103987.0,4705.0,85911.88,284,,ศรีเมือง
29/11/2568,,110076.0,0.0,0,110076.0,0.0,0,1816.0,0,108260.0,0.0,108260.0,0,0,20.0,0,0,103233.24,5006.76,108240.0,5025.0,90876.38,280,,ศรีเมือง
30/11/2568,,94057.0,0.0,0,94057.0,0.0,0,1022.0,0,93035.0,0.0,93035.0,0,0,0.0,0,0,89152.82,3882.18,93035.0,4702.0,76429.0,241,,ศรีเมือง
1/12/2568,,118548.0,0.0,0,118548.0,0.0,0,1329.0,0,117219.0,0.0,117219.0,0,0,0.0,0,0,111910.2,5308.8,117219.0,5237.0,97542.59,296,,ศรีเมือง
2/12/2568,,103773.0,0.0,0,103773.0,0.0,0,1427.0,0,102346.0,0.0,102346.0,0,0,0.0,0,0,98096.88,4249.12,102346.0,4615.0,84628.42,266,,ศรีเมือง
3/12/2568,,102947.0,0.0,0,102947.0,0.0,0,948.0,0,101999.0,0.0,101999.0,0,0,50.0,0,0,97875.41,4073.59,101949.0,4907.0,83345.6,262,,ศรีเมือง
4/12/2568,,116965.0,0.0,0,116965.0,0.0,0,1394.0,0,115571.0,0.0,115571.0,0,0,0.0,0,0,110788.52,4782.48,115571.0,5286.0,96113.3,253,,ศรีเมือง
5/12/2568,,119337.0,0.0,0,119337.0,0.0,0,1149.0,0,118188.0,0.0,118188.0,0,0,200.0,0,0,113686.52,4301.48,117988.0,5144.0,96101.62,278,,ศรีเมือง
6/12/2568,,94127.0,0.0,0,94127.0,0.0,0,1427.0,0,92700.0,0.0,92700.0,0,0,0.0,0,0,88707.86,3992.14,92700.0,4002.0,77214.46,254,,ศรีเมือง
7/12/2568,,88414.0,0.0,0,88414.0,0.0,0,1193.0,0,87221.0,0.0,87221.0,0,0,165.0,0,0,83421.57,3634.43,87056.0,4320.0,72185.56,255,,ศรีเมือง
8/12/2568,,105621.0,0.0,0,105621.0,0.0,0,1083.0,0,104538.0,0.0,104538.0,0,0,0.0,0,0,100102.46,4435.54,104538.0,4983.0,86718.76,280,,ศรีเมือง
9/12/2568,,78533.0,0.0,0,78533.0,0.0,0,1037.0,0,77496.0,0.0,77496.0,0,0,0.0,0,0,74243.06,3252.94,77496.0,3513.0,64458.55,253,,ศรีเมือง
10/12/2568,,96339.0,0.0,0,96339.0,0.0,0,676.0,0,95663.0,0.0,95663.0,0,0,50.0,0,0,91334.31,4278.69,95613.0,4710.0,79053.17,266,,ศรีเมือง
11/12/2568,,105402.0,0.0,0,105402.0,0.0,0,1722.0,0,103680.0,0.0,103680.0,0,0,0.0,0,0,98725.21,4954.79,103680.0,4483.0,86329.78,251,,ศรีเมือง
12/12/2568,,92781.0,0.0,0,92781.0,0.0,0,1397.0,0,91384.0,0.0,91384.0,0,0,0.0,0,0,87548.52,3835.48,91384.0,4000.0,75763.12,258,,ศรีเมือง
13/12/2568,,99585.0,0.0,0,99585.0,0.0,0,1510.0,0,98075.0,0.0,98075.0,0,0,0.0,0,0,93672.0,4403.0,98075.0,4743.0,80965.19,266,,ศรีเมือง
14/12/2568,,68628.0,0.0,0,68628.0,0.0,0,770.0,0,67858.0,0.0,67858.0,0,0,0.0,0,0,65124.1,2733.9,67858.0,3451.0,55080.97,223,,ศรีเมือง
15/12/2568,,99111.0,0.0,0,99111.0,0.0,0,1696.0,0,97415.0,0.0,97415.0,0,0,0.0,0,0,92943.88,4471.12,97415.0,4582.0,81807.62,261,,ศรีเมือง
16/12/2568,,73428.0,0.0,0,73428.0,0.0,0,886.0,0,72542.0,0.0,72542.0,0,0,100.0,0,0,69383.82,3058.18,72442.0,3167.0,59434.34,254,,ศรีเมือง
17/12/2568,,101513.0,0.0,0,101513.0,0.0,0,857.0,0,100656.0,0.0,100656.0,0,0,0.0,0,0,95815.24,4840.76,100656.0,5055.0,83496.24,276,,ศรีเมือง
18/12/2568,,86750.0,0.0,0,86750.0,0.0,0,1155.0,0,85595.0,0.0,85595.0,0,0,16.0,0,0,81973.28,3605.72,85579.0,3950.0,70487.29,262,,ศรีเมือง
19/12/2568,,114486.0,0.0,0,114486.0,0.0,0,2014.0,0,112472.0,0.0,112472.0,0,0,5.0,0,0,107254.68,5212.32,112467.0,4885.0,95211.47,282,,ศรีเมือง
20/12/2568,,88382.0,0.0,0,88382.0,0.0,0,726.0,0,87656.0,0.0,87656.0,0,0,0.0,0,0,83999.32,3656.68,87656.0,4064.0,72502.02,239,,ศรีเมือง
21/12/2568,,70713.0,0.0,0,70713.0,0.0,0,702.0,0,70011.0,0.0,70011.0,0,0,0.0,0,0,67178.45,2832.55,70011.0,3094.0,57433.52,237,,ศรีเมือง
22/12/2568,,102891.0,0.0,0,102891.0,0.0,0,1379.0,0,101512.0,0.0,101512.0,0,0,0.0,0,0,96841.38,4670.62,101512.0,4303.0,84566.53,252,,ศรีเมือง
23/12/2568,,65458.0,0.0,0,65458.0,0.0,0,680.0,0,64778.0,0.0,64778.0,0,0,0.0,0,0,62216.77,2561.23,64778.0,3102.0,52779.25,221,,ศรีเมือง
24/12/2568,,94432.0,0.0,0,94432.0,0.0,0,935.0,0,93497.0,0.0,93497.0,0,0,5.0,0,0,89373.81,4118.19,93492.0,4268.0,76881.86,239,,ศรีเมือง
25/12/2568,,94824.0,0.0,0,94824.0,0.0,0,1290.0,0,93534.0,0.0,93534.0,0,0,0.0,0,0,89482.73,4051.27,93534.0,4080.0,77822.6,256,,ศรีเมือง
26/12/2568,,102545.0,0.0,0,102545.0,0.0,0,1617.0,0,100928.0,0.0,100928.0,0,0,15.0,0,0,96418.1,4494.9,100913.0,4424.0,84296.67,247,,ศรีเมือง
27/12/2568,,89801.0,0.0,0,89801.0,0.0,0,991.0,0,88810.0,0.0,88810.0,0,0,200.0,0,0,84721.06,3888.94,88610.0,3768.0,73694.69,230,,ศรีเมือง
28/12/2568,,87335.0,0.0,0,87335.0,0.0,0,1331.0,0,86004.0,0.0,86004.0,0,0,0.0,0,0,82176.72,3827.28,86004.0,3772.0,70944.68,218,,ศรีเมือง
29/12/2568,,113281.0,0.0,0,113281.0,0.0,0,1190.0,0,112091.0,0.0,112091.0,0,0,0.0,0,0,106891.02,5199.98,112091.0,5246.0,93750.06,254,,ศรีเมือง
30/12/2568,,89476.0,0.0,0,89476.0,0.0,0,705.0,0,88771.0,0.0,88771.0,0,0,100.0,0,0,84921.96,3749.04,88671.0,4101.0,72731.28,219,,ศรีเมือง
31/12/2568,,101031.0,0.0,0,101031.0,0.0,0,1860.0,0,99171.0,0.0,99171.0,0,0,0.0,0,0,94726.86,4444.14,99171.0,4438.0,82995.88,246,,ศรีเมือง
1/1/2569,,106610.0,0.0,0,106610.0,0.0,0,1641.0,0,104969.0,0.0,104969.0,0,0,0.0,0,0,100072.98,4896.02,104969.0,4100.0,87351.64,208,,ศรีเมือง
2/1/2569,,133670.0,0.0,0,133670.0,0.0,0,2321.0,0,131349.0,0.0,131349.0,0,0,0.0,0,0,124955.51,6393.49,131349.0,5205.0,110054.42,242,,ศรีเมือง
3/1/2569,,104087.0,0.0,0,104087.0,0.0,0,1122.0,0,102965.0,0.0,102965.0,0,0,0.0,0,0,98381.67,4583.33,102965.0,4351.0,84156.51,265,,ศรีเมือง
4/1/2569,,100090.0,0.0,0,100090.0,0.0,0,761.0,0,99329.0,0.0,99329.0,0,0,0.0,0,0,95001.09,4327.91,99329.0,4093.0,80133.11,228,,ศรีเมือง
5/1/2569,,96374.0,0.0,0,96374.0,0.0,0,1172.0,0,95202.0,0.0,95202.0,0,0,0.0,0,0,91150.33,4051.67,95202.0,4256.0,77788.17,246,,ศรีเมือง
6/1/2569,,101224.0,0.0,0,101224.0,0.0,0,1085.0,0,100139.0,0.0,100139.0,0,0,0.0,0,0,95731.57,4407.43,100139.0,4024.0,82229.11,248,,ศรีเมือง
7/1/2569,,93734.0,0.0,0,93734.0,0.0,0,1343.0,0,92391.0,0.0,92391.0,0,0,16.0,0,0,88303.06,4071.94,92375.0,3914.0,75098.38,242,,ศรีเมือง
8/1/2569,,95131.0,0.0,0,95131.0,0.0,0,1130.0,0,94001.0,0.0,94001.0,0,0,0.0,0,0,90036.25,3964.75,94001.0,3845.0,76778.11,259,,ศรีเมือง
9/1/2569,,107593.0,0.0,0,107593.0,0.0,0,1212.0,0,106381.0,0.0,106381.0,0,0,0.0,0,0,101723.94,4657.06,106381.0,4600.0,87839.31,239,,ศรีเมือง
10/1/2569,,101564.0,0.0,0,101564.0,0.0,0,1467.0,0,100097.0,0.0,100097.0,0,0,0.0,0,0,95817.26,4279.74,100097.0,4244.0,82451.01,237,,ศรีเมือง
11/1/2569,,85377.0,0.0,0,85377.0,0.0,0,575.5,0,84801.5,0.0,84801.5,0,0,0.0,0,0,81431.31,3370.19,84801.5,3566.0,67743.55,219,,ศรีเมือง
12/1/2569,,109926.0,0.0,0,109926.0,0.0,0,1130.0,0,108796.0,0.0,108796.0,0,0,0.0,0,0,104013.4,4782.6,108796.0,5032.0,88956.37,259,,ศรีเมือง
13/1/2569,,89194.0,0.0,0,89194.0,0.0,0,1151.0,0,88043.0,0.0,88043.0,0,0,0.0,0,0,84301.17,3741.83,88043.0,3769.0,72363.24,239,,ศรีเมือง
14/1/2569,,91491.0,0.0,0,91491.0,0.0,0,782.0,0,90709.0,0.0,90709.0,0,0,0.0,0,0,86866.86,3842.14,90709.0,3608.0,73508.99,225,,ศรีเมือง
15/1/2569,,103642.0,0.0,0,103642.0,0.0,0,1656.0,0,101986.0,0.0,101986.0,0,0,0.0,0,0,97672.67,4313.33,101986.0,4169.0,84217.44,223,,ศรีเมือง
16/1/2569,,88472.0,0.0,0,88472.0,0.0,0,1124.0,0,87348.0,0.0,87348.0,0,0,0.0,0,0,83679.71,3668.29,87348.0,3900.0,71614.83,221,,ศรีเมือง
17/1/2569,,77679.0,0.0,0,77679.0,0.0,0,796.0,0,76883.0,0.0,76883.0,0,0,0.0,0,0,73821.82,3061.18,76883.0,3162.0,61635.68,227,,ศรีเมือง
18/1/2569,,90697.0,0.0,0,90697.0,0.0,0,1301.0,0,89396.0,0.0,89396.0,0,0,0.0,0,0,85475.57,3920.43,89396.0,3641.0,72866.83,217,,ศรีเมือง
19/1/2569,,101713.0,0.0,0,101713.0,0.0,0,766.5,0,100946.5,0.0,100946.5,0,0,0.0,0,0,96583.24,4363.26,100946.5,4415.0,81043.69,271,,ศรีเมือง
20/1/2569,,84659.0,0.0,0,84659.0,0.0,0,859.0,0,83800.0,0.0,83800.0,0,0,0.0,0,0,80353.43,3446.57,83800.0,3430.0,68003.95,233,,ศรีเมือง
21/1/2569,,81912.0,0.0,0,81912.0,0.0,0,300.0,0,81612.0,0.0,81612.0,0,0,0.0,0,0,78282.07,3329.93,81612.0,3491.0,65424.61,232,,ศรีเมือง
22/1/2569,,91208.0,0.0,0,91208.0,0.0,0,768.0,0,90440.0,0.0,90440.0,0,0,0.0,0,0,86240.93,4199.07,90440.0,3939.0,73479.81,240,,ศรีเมือง
23/1/2569,,105790.0,0.0,0,105790.0,0.0,0,1522.0,0,104268.0,0.0,104268.0,0,0,0.0,0,0,99601.04,4666.96,104268.0,4556.0,86483.96,239,,ศรีเมือง
24/1/2569,,91941.0,0.0,0,91941.0,0.0,0,1181.0,0,90760.0,0.0,90760.0,0,0,0.0,0,0,86988.9,3771.1,90760.0,3610.0,74170.03,251,,ศรีเมือง
25/1/2569,,79326.0,0.0,7,79319.0,0.0,0,411.0,0,78908.0,0.0,78908.0,0,0,0.0,0,0,75672.65,3235.35,78908.0,3585.0,63863.75,216,,ศรีเมือง
26/1/2569,,95053.0,0.0,0,95053.0,0.0,0,595.0,0,94458.0,0.0,94458.0,0,0,0.0,0,0,90524.61,3933.39,94458.0,4074.0,76740.18,232,,ศรีเมือง
27/1/2569,,88960.0,0.0,60,88900.0,0.0,0,812.0,0,88088.0,0.0,88088.0,0,0,0.0,0,0,84004.14,4083.86,88088.0,4057.0,71399.3,219,,ศรีเมือง
28/1/2569,,77459.0,0.0,14,77445.0,0.0,0,1669.0,0,75776.0,0.0,75776.0,0,0,0.0,0,0,72681.34,3094.66,75776.0,4269.0,62301.31,233,,ศรีเมือง
29/1/2569,,91741.0,0.0,7,91734.0,0.0,0,598.5,0,91135.5,0.0,91135.5,0,0,40.0,0,0,87347.82,3747.68,91095.5,4250.0,74537.34,239,,ศรีเมือง
30/1/2569,,110138.0,0.0,16,110122.0,0.0,0,1157.5,0,108964.5,0.0,108964.5,0,0,0.0,0,0,104039.27,4925.23,108964.5,4731.0,90137.83,226,,ศรีเมือง
31/1/2569,,88975.0,0.0,14,88961.0,0.0,0,1438.5,0,87522.5,0.0,87522.5,0,0,36.0,0,0,83875.35,3611.15,87486.5,3343.0,71379.47,239,,ศรีเมือง
1/2/2569,,86229.0,0.0,32,86197.0,0.0,0,678.0,0,85519.0,0.0,85519.0,0,0,0.0,0,0,81916.77,3602.23,85519.0,3741.0,69271.02,233,,ศรีเมือง
2/2/2569,,93359.0,0.0,0,93359.0,0.0,0,626.0,0,92733.0,0.0,92733.0,0,0,0.0,0,0,88808.54,3924.46,92733.0,3982.0,75119.42,229,,ศรีเมือง
3/2/2569,,88543.0,0.0,0,88543.0,0.0,0,583.0,0,87960.0,0.0,87960.0,0,0,131.0,0,0,84076.45,3752.55,87829.0,3802.0,71765.7,234,,ศรีเมือง
4/2/2569,,81085.0,0.0,0,81085.0,0.0,0,1122.0,0,79963.0,0.0,79963.0,0,0,0.0,0,0,76688.84,3274.16,79963.0,3357.0,67658.94,212,,ศรีเมือง
5/2/2569,,87872.0,0.0,0,87872.0,0.0,0,442.0,0,87430.0,0.0,87430.0,0,0,0.0,0,0,83840.55,3589.45,87430.0,3426.0,70317.42,216,,ศรีเมือง
6/2/2569,,105645.0,0.0,0,105645.0,0.0,0,1492.5,0,104152.5,0.0,104152.5,0,0,0.0,0,0,99751.51,4400.99,104152.5,4197.0,85101.25,269,,ศรีเมือง
7/2/2569,,97382.0,0.0,0,97382.0,0.0,0,1033.0,0,96349.0,0.0,96349.0,0,0,0.0,0,0,92261.01,4087.99,96349.0,4126.0,78525.68,234,,ศรีเมือง
8/2/2569,,93566.0,0.0,0,93566.0,0.0,0,841.5,0,92724.5,0.0,92724.5,0,0,0.0,0,0,88631.03,4093.47,92724.5,3878.0,75340.42,229,,ศรีเมือง
9/2/2569,,93248.0,0.0,0,93248.0,0.0,0,597.0,0,92651.0,0.0,92651.0,0,0,0.0,0,0,88535.52,4115.48,92651.0,4389.0,74913.43,247,,ศรีเมือง
10/2/2569,,106239.0,0.0,0,106239.0,0.0,0,1892.0,0,104347.0,0.0,104347.0,0,0,50.0,0,0,99631.33,4665.67,104297.0,4185.0,85799.3,227,,ศรีเมือง
11/2/2569,,94876.0,0.0,0,94876.0,0.0,0,2273.5,0,92602.5,0.0,92602.5,0,0,30.0,0,0,88497.52,4074.98,92572.5,5501.0,77141.19,237,,ศรีเมือง
12/2/2569,,78025.0,0.0,0,78025.0,0.0,0,909.0,0,77116.0,0.0,77116.0,0,0,0.0,0,0,73933.93,3182.07,77116.0,3413.0,62403.11,214,,ศรีเมือง
13/2/2569,,120460.0,0.0,0,120460.0,0.0,0,1261.9,0,119198.1,0.0,119198.1,0,0,0.0,0,0,113890.87,5307.23,119198.1,5242.0,97681.46,248,,ศรีเมือง
14/2/2569,,149856.0,0.0,10415,139441.0,67.9,0,1921.0,0,137452.1,0.0,137452.1,0,0,1778.0,0,0,129664.24,6009.86,135674.1,6812.0,121402.73,279,,ศรีเมือง
15/2/2569,,89880.0,0.0,6166,83714.0,38.52,0,987.0,0,82688.48,0.0,82688.48,0,0,1956.0,0,0,77419.33,3313.15,80732.48,3694.0,71782.13,221,,ศรีเมือง
16/2/2569,,81973.0,0.0,4523,77450.0,0.0,0,334.0,0,77116.0,0.0,77116.0,0,0,590.0,0,0,72857.51,3668.49,76526.0,3070.0,67009.51,194,,ศรีเมือง
17/2/2569,,98050.0,0.0,5841,92209.0,0.0,0,799.5,0,91409.5,0.0,91409.5,0,0,1480.0,0,0,86123.01,3806.49,89929.5,3681.0,79436.26,211,,ศรีเมือง
18/2/2569,,122893.0,0.0,6696,116197.0,90.0,0,313.0,0,115794.0,0.0,115794.0,0,0,1932.0,0,0,108534.97,5327.03,113862.0,4898.0,100071.35,264,,ศรีเมือง
19/2/2569,,117845.0,0.0,6769,111076.0,7.2,0,613.0,0,110455.8,0.0,110455.8,0,0,5646.0,0,0,100074.07,4735.73,104809.8,4584.0,96344.22,248,,ศรีเมือง
20/2/2569,,128109.0,0.0,0,128109.0,14.4,0,1815.0,0,126279.6,0.0,126279.6,0,0,2170.0,0,0,118459.03,5650.57,124109.6,5185.0,104619.66,251,,ศรีเมือง
21/2/2569,,103735.0,0.0,0,103735.0,39.84,0,638.0,0,103057.16,0.0,103057.16,0,0,2222.0,0,0,96455.76,4379.4,100835.16,4298.0,84481.44,277,,ศรีเมือง
22/2/2569,,84923.0,0.0,0,84923.0,61.0,0,498.0,0,84364.0,0.0,84364.0,0,0,1603.0,0,0,79389.73,3371.27,82761.0,3031.0,68139.25,202,,ศรีเมือง
23/2/2569,,104708.0,0.0,0,104708.0,0.0,0,821.0,0,103887.0,0.0,103887.0,45,0,1801.0,0,0,97593.23,4447.77,102041.0,4121.0,84889.03,248,,ศรีเมือง
24/2/2569,,83217.0,0.0,0,83217.0,45.0,0,621.0,0,82551.0,0.0,82551.0,55,0,1662.0,0,0,77408.33,3425.67,80834.0,3568.0,66810.3,218,,ศรีเมือง
25/2/2569,,84862.0,0.0,0,84862.0,0.0,0,840.0,0,84022.0,0.0,84022.0,0,0,180.0,0,0,80300.32,3541.68,83842.0,3363.0,68484.75,237,,ศรีเมือง
26/2/2569,,89936.0,0.0,0,89936.0,0.0,0,744.0,0,89192.0,0.0,89192.0,0,0,258.0,0,0,85151.85,3782.15,88934.0,3687.0,73288.85,232,,ศรีเมือง
27/2/2569,,107987.0,0.0,0,107987.0,0.0,0,1357.0,0,106630.0,0.0,106630.0,0,0,592.0,0,0,101341.51,4696.49,106038.0,4696.0,88601.71,254,,ศรีเมือง
28/2/2569,,83325.0,0.0,0,83325.0,0.0,0,780.0,0,82545.0,0.0,82545.0,0,0,564.0,0,0,78674.74,3306.26,81981.0,3360.0,66632.72,239,,ศรีเมือง
1/3/2569,,84030.0,0.0,23,84007.0,0.0,0,1250.0,0,82757.0,0.0,82757.0,0,0,200.0,0,0,78978.96,3578.04,82557.0,3013.0,67410.32,205,,ศรีเมือง
2/3/2569,,86978.0,0.0,38,86940.0,0.0,0,819.0,0,86121.0,0.0,86121.0,0,0,350.0,0,0,82122.1,3648.9,85771.0,3880.0,70200.58,249,,ศรีเมือง
3/3/2569,,88083.0,0.0,28,88055.0,0.0,0,744.0,0,87311.0,0.0,87311.0,0,0,50.0,0,0,83664.4,3596.6,87261.0,3928.0,70717.22,244,,ศรีเมือง
4/3/2569,,85960.0,0.0,12,85948.0,0.0,0,480.8,0,85467.2,0.0,85467.2,0,0,200.0,0,0,81449.1,3818.1,85267.2,3522.0,70233.75,235,,ศรีเมือง
5/3/2569,,110459.0,0.0,24,110435.0,0.0,0,1709.0,0,108726.0,0.0,108726.0,0,0,250.0,0,0,103555.38,4920.62,108476.0,4589.0,89440.76,251,,ศรีเมือง
6/3/2569,,112170.0,0.0,73,112097.0,0.0,0,1252.0,0,110845.0,0.0,110845.0,0,0,700.0,0,0,105217.76,4927.24,110145.0,4636.0,92014.69,253,,ศรีเมือง
7/3/2569,,84493.0,0.0,20,84473.0,0.0,0,785.0,0,83688.0,0.0,83688.0,0,0,480.0,0,0,79904.42,3303.58,83208.0,3575.0,67953.3,251,,ศรีเมือง
8/3/2569,,88013.0,0.0,93,87920.0,0.0,0,752.0,0,87168.0,0.0,87168.0,0,0,150.0,0,0,83310.79,3707.21,87018.0,4082.0,75190.12,226,,ศรีเมือง
9/3/2569,,109990.0,0.0,89,109901.0,0.0,0,1903.0,0,107998.0,0.0,107998.0,0,0,200.0,0,0,102821.4,4976.6,107798.0,4242.0,89180.74,247,,ศรีเมือง
10/3/2569,,84684.0,0.0,20,84664.0,0.0,0,653.0,0,84011.0,0.0,84011.0,0,0,150.0,0,0,80215.83,3645.17,83861.0,3659.0,68862.98,258,,ศรีเมือง
11/3/2569,,89250.0,0.0,16,89234.0,0.0,0,729.0,0,88505.0,0.0,88505.0,0,0,350.0,0,0,84419.94,3735.06,88155.0,3798.0,72201.83,233,,ศรีเมือง
12/3/2569,,90947.0,0.0,60,90887.0,0.0,0,938.0,0,89949.0,0.0,89949.0,0,0,100.0,0,0,86268.07,3580.93,89849.0,3663.0,72749.5,236,,ศรีเมือง
13/3/2569,,108015.0,0.0,169,107846.0,0.0,0,1554.0,0,106292.0,0.0,106292.0,0,0,300.0,0,0,101229.39,4762.61,105992.0,4493.0,88216.42,242,,ศรีเมือง
14/3/2569,,98099.0,0.0,120,97979.0,0.0,0,1677.0,0,96302.0,0.0,96302.0,0,0,150.0,0,0,91785.52,4366.48,96152.0,3741.0,79847.75,249,,ศรีเมือง
15/3/2569,,74627.0,0.0,32,74595.0,0.0,0,485.0,0,74110.0,0.0,74110.0,0,0,150.0,0,0,70961.55,2998.45,73960.0,3411.0,60229.13,204,,ศรีเมือง
16/3/2569,,95638.0,0.0,44,95594.0,0.0,0,541.0,0,95053.0,0.0,95053.0,0,0,175.0,0,0,90869.94,4008.06,94878.0,4253.0,77347.59,254,,ศรีเมือง
17/3/2569,,89854.0,0.0,37,89817.0,0.0,0,575.0,0,89242.0,0.0,89242.0,0,0,0.0,0,0,85499.2,3742.8,89242.0,3991.0,72819.48,228,,ศรีเมือง
18/3/2569,,85896.0,0.0,97,85799.0,0.0,0,963.0,0,84836.0,600.0,84236.0,0,0,200.0,0,0,80545.31,3490.69,84036.0,3399.0,69029.62,219,,ศรีเมือง
19/3/2569,,94492.0,0.0,117,94375.0,0.0,0,1192.0,0,93183.0,600.0,92583.0,0,0,150.0,0,0,88115.94,4317.06,92433.0,4054.0,77646.78,223,,ศรีเมือง
20/3/2569,,82631.0,0.0,82,82549.0,0.0,0,618.0,0,81931.0,2500.0,79431.0,0,0,150.0,0,0,75929.36,3351.64,79281.0,3506.0,67465.25,248,,ศรีเมือง
21/3/2569,,119639.0,0.0,136,119503.0,0.0,0,1674.0,0,117829.0,1000.0,116829.0,0,0,200.0,0,0,111505.41,5123.59,116629.0,4895.0,97822.63,258,,ศรีเมือง
22/3/2569,,78178.0,0.0,32,78146.0,0.0,0,543.0,0,77603.0,650.0,76953.0,0,0,200.0,0,0,73631.54,3121.46,76753.0,3364.0,62972.0,208,,ศรีเมือง
23/3/2569,,86911.0,0.0,107,86804.0,0.0,0,717.5,0,86086.5,600.0,85486.5,0,0,200.0,0,0,82054.98,3231.52,85286.5,3613.0,69414.26,244,,ศรีเมือง
24/3/2569,,103280.0,0.0,56,103224.0,0.0,0,1382.0,0,101842.0,600.0,101242.0,0,0,50.0,0,0,96948.74,4243.26,101192.0,3849.0,84474.78,214,,ศรีเมือง
25/3/2569,,99803.0,0.0,147,99656.0,0.0,0,670.0,0,98986.0,400.0,98586.0,0,0,165.0,1,0,94499.36,3920.64,98420.0,4089.0,80682.62,263,,ศรีเมือง
26/3/2569,,88892.0,0.0,112,88780.0,0.0,0,907.5,0,87872.5,400.0,87472.5,0,0,200.0,0,0,83660.35,3612.15,87272.5,3779.0,72203.85,229,,ศรีเมือง
27/3/2569,,94952.0,0.0,57,94895.0,0.0,0,1457.0,0,93438.0,650.0,92788.0,0,0,155.0,0,0,88449.25,4183.75,92633.0,4014.0,77246.39,261,,ศรีเมือง
28/3/2569,,109789.0,0.0,150,109639.0,0.0,0,1528.5,0,108110.5,0.0,108110.5,0,0,250.0,0,0,103077.3,4783.2,107860.5,4530.0,90873.53,222,,ศรีเมือง
29/3/2569,,82711.0,0.0,89,82622.0,0.0,0,731.0,0,81891.0,0.0,81891.0,0,0,126.0,0,0,78496.71,3268.29,81765.0,3796.0,66903.38,203,,ศรีเมือง
30/3/2569,,88579.5,0.0,84,88495.5,0.0,0,443.0,0,88052.5,200.0,87852.5,0,0,110.0,0,0,84045.9,3696.6,87742.5,4018.0,71896.76,256,,ศรีเมือง
31/3/2569,,81120.0,0.0,121,80999.0,0.0,0,493.0,0,80506.0,650.0,79856.0,0,0,100.0,0,0,76508.46,3247.54,79756.0,3336.0,65711.48,213,,ศรีเมือง
1/4/2569,,81825.0,0.0,73,81752.0,0.0,0,1217.5,0,80534.5,450.0,80084.5,0,0,40.0,0,0,76500.29,3544.21,80044.5,3397.0,66039.93,239,,ศรีเมือง
2/4/2569,,103429.0,0.0,79,103350.0,0.0,0,1005.0,0,102345.0,850.0,101495.0,0,0,100.0,0,0,96836.79,4558.21,101395.0,4352.0,84395.63,240,,ศรีเมือง
3/4/2569,,115527.0,0.0,86,115441.0,0.0,0,1189.0,0,114252.0,650.0,113602.0,0,0,100.0,0,0,108551.52,4950.48,113502.0,5016.0,94290.17,251,,ศรีเมือง
4/4/2569,,102704.0,0.0,115,102589.0,0.0,0,786.0,0,101803.0,1000.0,100803.0,0,0,500.0,0,0,96446.29,3856.71,100303.0,4116.0,82946.8,239,,ศรีเมือง
5/4/2569,,87853.0,0.0,81,87772.0,0.0,0,586.0,0,87186.0,300.0,86886.0,0,0,600.0,0,0,83209.37,3076.63,86286.0,3231.0,70363.02,214,,ศรีเมือง
6/4/2569,,121495.5,0.0,42,121453.5,0.0,0,1845.0,0,119608.5,1200.0,118408.5,0,0,200.0,0,0,113300.12,4908.38,118208.5,5362.0,99346.27,261,,ศรีเมือง
7/4/2569,,105810.0,0.0,71,105739.0,0.0,0,1686.0,0,104053.0,1200.0,102853.0,0,0,100.0,0,0,98153.32,4599.68,102753.0,4256.0,86552.7,248,,ศรีเมือง
8/4/2569,,80315.0,0.0,20,80295.0,0.0,0,469.0,0,79826.0,1100.0,78726.0,0,0,100.0,0,0,75487.91,3138.09,78626.0,3278.0,65146.22,212,,ศรีเมือง
9/4/2569,,92952.0,0.0,37,92915.0,0.0,0,1139.5,0,91775.5,1000.0,90775.5,0,0,50.0,0,0,87032.44,3693.06,90725.5,4110.0,75144.53,238,,ศรีเมือง
10/4/2569,,111568.0,0.0,44,111524.0,0.0,0,1775.0,0,109749.0,950.0,108799.0,0,0,50.0,0,0,103790.06,4958.94,108749.0,4804.0,91602.39,249,,ศรีเมือง
11/4/2569,,108933.0,0.0,35,108898.0,0.0,0,1211.0,0,107687.0,2900.0,104787.0,0,0,100.0,0,0,100100.59,4586.41,104687.0,4614.0,88827.08,265,,ศรีเมือง
12/4/2569,,109749.0,0.0,56,109693.0,0.0,0,1921.0,0,107772.0,500.0,107272.0,0,0,140.0,0,0,103208.78,3923.22,107132.0,3946.0,87719.78,237,,ศรีเมือง
13/4/2569,,82560.5,0.0,13,82547.5,0.0,0,1081.0,0,81466.5,1100.0,80366.5,0,0,0.0,0,0,76863.52,3502.98,80366.5,3454.0,67770.53,203,,ศรีเมือง
14/4/2569,,77105.0,0.0,105,77000.0,0.0,0,735.0,0,76265.0,550.0,75715.0,0,0,100.0,0,0,72432.14,3182.86,75615.0,3011.0,61929.28,202,,ศรีเมือง
15/4/2569,,89335.0,0.0,31,89304.0,0.0,0,679.0,0,88625.0,1050.0,87575.0,0,0,0.0,0,0,83876.26,3698.74,87575.0,3371.0,73617.61,235,,ศรีเมือง
16/4/2569,,89245.0,0.0,43,89202.0,0.0,0,799.0,0,88403.0,750.0,87653.0,0,0,50.0,0,0,83852.14,3750.86,87603.0,3516.0,72762.99,215,,ศรีเมือง
17/4/2569,,94705.0,0.0,96,94609.0,0.0,0,543.0,0,94066.0,1350.0,92716.0,0,0,150.0,0,0,88845.22,3720.78,92566.0,3763.0,76920.4,273,,ศรีเมือง
18/4/2569,,97709.0,0.0,301,97408.0,0.0,0,965.0,0,96443.0,450.0,95993.0,0,0,90.0,0,0,92129.25,3773.75,95903.0,4014.0,78461.76,256,,ศรีเมือง
19/4/2569,,90426.0,0.0,137,90289.0,0.0,0,797.0,0,89492.0,650.0,88842.0,0,0,150.0,0,0,84986.57,3705.43,88692.0,3761.0,72816.26,231,,ศรีเมือง
20/4/2569,,121635.0,0.0,90,121545.0,0.0,0,1578.0,0,119967.0,1400.0,118567.0,0,0,50.0,0,0,113132.77,5384.23,118517.0,4944.0,98640.82,264,,ศรีเมือง
21/4/2569,,84836.0,0.0,240,84596.0,0.0,0,920.0,0,83676.0,1050.0,82626.0,0,0,150.0,0,0,78695.52,3780.48,82476.0,3135.0,68671.78,217,,ศรีเมือง
22/4/2569,,76038.5,0.0,152,75886.5,0.0,0,500.0,0,75386.5,1150.0,74236.5,0,0,50.0,0,0,71009.26,3177.24,74186.5,3246.0,60554.81,221,,ศรีเมือง
23/4/2569,,84189.0,0.0,202,83987.0,0.0,0,610.5,0,83376.5,1100.0,82276.5,0,0,100.0,0,0,78884.33,3292.17,82176.5,3405.0,67440.84,247,,ศรีเมือง
24/4/2569,,84228.0,0.0,178,84050.0,0.0,0,448.0,0,83602.0,750.0,82852.0,0,0,50.0,0,0,79451.98,3350.02,82802.0,3655.0,66674.83,234,,ศรีเมือง
25/4/2569,,102320.0,0.0,77,102243.0,0.0,0,1176.0,0,101067.0,1050.0,100017.0,0,0,0.0,0,0,95751.22,4265.78,100017.0,4121.0,82119.02,251,,ศรีเมือง
26/4/2569,,87514.0,0.0,109,87405.0,0.0,0,708.0,0,86697.0,1300.0,85397.0,0,0,50.0,0,0,81807.09,3539.91,85347.0,3693.0,70503.47,210,,ศรีเมือง
27/4/2569,,93643.0,0.0,76,93567.0,0.0,0,619.0,0,92948.0,1800.0,91148.0,0,0,50.0,0,0,87306.59,3791.41,91098.0,3886.0,75483.81,250,,ศรีเมือง
28/4/2569,,89084.0,0.0,355,88729.0,0.0,0,548.0,0,88181.0,1100.0,87081.0,0,0,100.0,0,0,83248.34,3732.66,86981.0,3433.0,71563.89,233,,ศรีเมือง
29/4/2569,,86539.0,0.0,171,86368.0,0.0,0,804.5,0,85563.5,850.0,84713.5,0,0,150.0,0,0,81098.56,3464.94,84563.5,3674.0,69597.72,236,,ศรีเมือง
30/4/2569,,101014.0,0.0,145,100869.0,0.0,0,927.0,0,99942.0,1850.0,98092.0,0,0,50.0,0,0,94038.85,4003.15,98042.0,4296.0,80035.15,246,,ศรีเมือง
1/5/2569,,99810.0,0.0,126,99684.0,0.0,0,645.0,0,99039.0,1300.0,97739.0,0,0,0.0,0,0,93603.58,4135.42,97739.0,4155.0,80192.33,260,,ศรีเมือง
2/5/2569,,106160.0,0.0,160,106000.0,0.0,0,1096.0,0,104904.0,1150.0,103754.0,0,0,50.0,0,0,99042.39,4661.61,103704.0,4359.0,86372.65,254,,ศรีเมือง
3/5/2569,,80935.0,0.0,89,80846.0,0.0,0,428.0,0,80418.0,1100.0,79318.0,0,0,0.0,0,0,76109.44,3208.56,79318.0,3447.0,64762.53,222,,ศรีเมือง
4/5/2569,,101926.5,0.0,217,101709.5,0.0,0,1027.0,0,100682.5,2050.0,98632.5,0,0,0.0,0,0,94519.36,4113.14,98632.5,4395.0,80879.22,270,,ศรีเมือง
5/5/2569,,78307.0,0.0,125,78182.0,0.0,0,634.5,0,77547.5,1350.0,76197.5,0,0,0.0,0,0,73155.99,3041.51,76197.5,3108.0,62666.04,216,,ศรีเมือง
6/5/2569,,88044.5,0.0,57,87987.5,0.0,0,1098.0,0,86889.5,1650.0,85239.5,0,0,0.0,0,0,81457.77,3781.73,85239.5,3740.0,70943.3,249,,ศรีเมือง
7/5/2569,,94445.5,0.0,111,94334.5,0.0,0,749.0,0,93585.5,800.0,92785.5,0,0,6.0,0,0,88950.87,3828.63,92779.5,3925.0,76162.44,246,,ศรีเมือง
8/5/2569,,103888.0,0.0,119,103769.0,0.0,0,472.0,0,103297.0,850.0,102447.0,0,0,10.0,0,0,98053.17,4383.83,102437.0,4444.0,83507.86,261,,ศรีเมือง
9/5/2569,,111780.5,0.0,50,111730.5,0.0,0,1425.0,0,110305.5,1450.0,108855.5,0,0,0.0,0,0,103884.83,4970.67,108855.5,4454.0,91364.23,257,,ศรีเมือง
10/5/2569,,85043.0,0.0,59,84984.0,0.0,0,477.5,0,84506.5,700.0,83806.5,0,0,0.0,0,0,80393.9,3412.6,83806.5,3654.0,68301.93,216,,ศรีเมือง
11/5/2569,,94190.0,0.0,144,94046.0,0.0,0,650.0,0,93396.0,1000.0,92396.0,0,0,0.0,0,0,88586.99,3809.01,92396.0,4110.0,75564.82,257,,ศรีเมือง
12/5/2569,,85938.5,0.0,122,85816.5,0.0,0,639.0,0,85177.5,1350.0,83827.5,0,0,0.0,0,0,80159.22,3668.28,83827.5,3619.0,69382.73,221,,ศรีเมือง
13/5/2569,,81956.0,0.0,113,81843.0,0.0,0,684.5,0,81158.5,1600.0,79558.5,0,0,0.0,0,0,76250.39,3308.11,79558.5,3233.0,65628.1,253,,ศรีเมือง
14/5/2569,,84096.0,0.0,66,84030.0,0.0,0,627.0,0,83403.0,850.0,82553.0,0,0,0.0,0,0,79210.43,3342.57,82553.0,3512.0,67517.07,250,,ศรีเมือง
15/5/2569,,85787.0,0.0,50,85737.0,0.0,0,459.0,0,85278.0,1150.0,84128.0,0,0,0.0,0,0,80484.9,3643.1,84128.0,3947.0,68974.46,235,,ศรีเมือง
16/5/2569,,104540.5,0.0,91,104449.5,0.0,0,1427.0,0,103022.5,750.0,102272.5,0,0,0.0,0,0,97613.07,4659.43,102272.5,4456.0,85399.61,239,,ศรีเมือง
17/5/2569,,80649.0,0.0,46,80603.0,0.0,0,366.0,0,80237.0,1350.0,78887.0,0,0,100.0,0,0,75562.92,3224.08,78787.0,3256.0,64439.65,224,,ศรีเมือง
18/5/2569,,94255.5,0.0,102,94153.5,0.0,0,920.0,0,93233.5,1000.0,92233.5,0,0,0.0,0,0,88338.11,3895.39,92233.5,4034.0,75147.97,245,,ศรีเมือง
19/5/2569,,84146.0,0.0,92,84054.0,0.0,0,458.0,0,83596.0,750.0,82846.0,0,0,10.0,0,0,79402.24,3433.76,82836.0,3618.0,66860.97,237,,ศรีเมือง
20/5/2569,,72710.0,0.0,98,72612.0,0.0,0,391.0,0,72221.0,1450.0,70771.0,0,0,0.0,0,0,68012.66,2758.34,70771.0,2828.0,58118.37,211,,ศรีเมือง
21/5/2569,,74429.0,0.0,54,74375.0,0.0,0,717.0,0,73658.0,1450.0,72208.0,0,0,0.0,0,0,69238.07,2969.93,72208.0,3327.0,59489.81,234,,ศรีเมือง
22/5/2569,,83882.0,0.0,98,83784.0,0.0,0,629.0,0,83155.0,1050.0,82105.0,0,0,0.0,0,0,78851.15,3253.85,82105.0,3503.0,67311.46,243,,ศรีเมือง
23/5/2569,,96384.0,0.0,41,96343.0,0.0,0,1360.5,0,94982.5,1000.0,93982.5,0,0,0.0,0,0,90012.54,3969.96,93982.5,3807.0,77669.0,248,,ศรีเมือง
24/5/2569,,99692.5,0.0,58,99634.5,0.0,0,1936.5,0,97698.0,1050.0,96648.0,0,0,200.0,0,0,93265.93,3182.07,96448.0,3732.0,79143.06,227,,ศรีเมือง
25/5/2569,,96001.0,0.0,118,95883.0,0.0,0,1077.0,0,94806.0,650.0,94156.0,0,0,0.0,0,0,90379.61,3776.39,94156.0,3955.0,77056.58,244,,ศรีเมือง
26/5/2569,,83845.0,0.0,95,83750.0,0.0,0,1365.0,0,82385.0,1350.0,81035.0,0,0,0.0,0,0,78061.62,2973.38,81035.0,3154.0,66483.22,236,,ศรีเมือง
27/5/2569,,71282.0,0.0,76,71206.0,0.0,0,553.0,0,70653.0,1250.0,69403.0,0,0,0.0,0,0,66428.35,2974.65,69403.0,3235.0,57221.81,203,,ศรีเมือง
28/5/2569,,85065.0,0.0,56,85009.0,0.0,0,739.0,0,84270.0,1150.0,83120.0,0,0,46.0,0,0,79708.95,3365.05,83074.0,3645.0,68429.96,237,,ศรีเมือง
29/5/2569,,87929.0,0.0,73,87856.0,0.0,0,500.0,0,87356.0,1000.0,86356.0,0,0,0.0,0,0,82866.44,3489.56,86356.0,3456.0,70733.7,230,,ศรีเมือง
30/5/2569,,97937.0,0.0,163,97774.0,0.0,0,1496.0,0,96278.0,1000.0,95278.0,0,0,0.0,0,0,91447.99,3830.01,95278.0,3706.0,78127.45,251,,ศรีเมือง
31/5/2569,,71724.0,0.0,69,71655.0,0.0,0,905.0,0,70750.0,600.0,70150.0,0,0,0.0,0,0,67621.5,2528.5,70150.0,2938.0,56684.82,209,,ศรีเมือง
1/6/2569,,95278.0,0.0,107,95171.0,0.0,0,677.0,0,94494.0,900.0,93594.0,0,0,100.0,0,0,89863.01,3630.99,93494.0,3671.0,76076.01,232,,ศรีเมือง
2/6/2569,,94314.5,0.0,42,94272.5,0.0,0,589.0,0,93683.5,1000.0,92683.5,0,0,317.0,0,0,88796.08,3570.42,92366.5,3590.0,76075.95,253,,ศรีเมือง
3/6/2569,,86061.5,0.0,126,85935.5,0.0,0,1003.5,0,84932.0,1050.0,83882.0,0,0,0.0,0,0,80911.24,2970.76,83882.0,3361.0,68972.02,232,,ศรีเมือง
4/6/2569,,93252.0,0.0,96,93156.0,0.0,0,854.0,0,92302.0,1350.0,90952.0,0,0,0.0,0,0,87187.66,3764.34,90952.0,4187.0,74368.17,247,,ศรีเมือง
5/6/2569,,98577.0,0.0,-4348,102925.0,0.0,0,932.0,0,101993.0,550.0,101443.0,0,0,0.0,0,0,97473.45,3969.55,101443.0,4306.0,78877.63,254,,ศรีเมือง
6/6/2569,,87447.0,0.0,-3735,91182.0,0.0,0,801.0,0,90381.0,1000.0,89381.0,0,0,220.0,0,0,85635.26,3525.74,89161.0,3534.0,69815.63,260,,ศรีเมือง
7/6/2569,,96783.0,0.0,-4521,101304.0,0.0,0,1042.0,0,100262.0,1250.0,99012.0,0,0,0.0,0,0,95301.19,3710.81,99012.0,3749.0,78108.71,233,,ศรีเมือง
8/6/2569,,88028.5,0.0,-3854,91882.5,0.0,0,685.0,0,91197.5,1000.0,90197.5,0,0,0.0,0,0,86729.15,3468.35,90197.5,3656.0,70388.51,242,,ศรีเมือง
9/6/2569,,89194.0,0.0,-3688,92882.0,0.0,0,919.0,0,91963.0,1650.0,90313.0,0,0,0.0,0,0,86720.67,3592.33,90313.0,3878.0,70845.4,227,,ศรีเมือง
10/6/2569,,76867.0,0.0,-3311,80178.0,0.0,0,512.0,0,79666.0,1650.0,78016.0,0,0,0.0,0,0,74916.29,3099.71,78016.0,3349.0,61536.38,211,,ศรีเมือง
11/6/2569,,76646.0,0.0,-3871,80517.0,0.0,0,391.0,0,80126.0,1350.0,78776.0,0,0,19.0,0,0,75951.54,2805.46,78757.0,3269.0,60657.38,219,,ศรีเมือง
12/6/2569,,88202.0,0.0,-3238,91440.0,0.0,0,611.0,0,90829.0,2450.0,88379.0,0,0,0.0,0,0,84684.88,3694.12,88379.0,3985.0,70988.87,242,,ศรีเมือง
13/6/2569,,107121.0,0.0,-3866,110987.0,0.0,0,1452.0,0,109535.0,2500.0,107035.0,0,0,16.0,0,0,102414.23,4604.77,107019.0,4418.0,87371.31,255,,ศรีเมือง
14/6/2569,,81486.0,0.0,-3755,85241.0,0.0,0,737.0,0,84504.0,1220.0,83284.0,0,0,0.0,0,0,80108.71,3175.29,83284.0,3178.0,64806.9,205,,ศรีเมือง
15/6/2569,,88261.0,0.0,-3566,91827.0,0.0,0,812.0,0,91015.0,1650.0,89365.0,0,0,0.0,0,0,85711.1,3653.9,89365.0,3733.0,70249.22,239,,ศรีเมือง
16/6/2569,,76035.0,0.0,-3261,79296.0,0.0,0,464.0,0,78832.0,1300.0,77532.0,0,0,0.0,0,0,74452.44,3079.56,77532.0,3279.0,61041.57,210,,ศรีเมือง
17/6/2569,,85911.0,0.0,-3634,89545.0,0.0,0,498.0,0,89047.0,1300.0,87747.0,0,0,0.0,0,0,84275.62,3471.38,87747.0,3274.0,69124.54,245,,ศรีเมือง
18/6/2569,,79409.0,0.0,-3733,83142.0,0.0,0,514.0,0,82628.0,800.0,81828.0,0,0,0.0,0,0,78756.15,3071.85,81828.0,3529.0,63656.25,232,,ศรีเมือง
19/6/2569,,85334.5,0.0,-3694,89028.5,0.0,0,890.0,0,88138.5,1250.0,86888.5,0,0,0.0,0,0,83478.01,3410.49,86888.5,3747.0,68297.1,240,,ศรีเมือง
20/6/2569,,94843.0,0.0,-3683,98526.0,0.0,0,1133.0,0,97393.0,1500.0,95893.0,0,0,120.0,0,0,91801.23,3971.77,95773.0,3923.0,76691.01,253,,ศรีเมือง
21/6/2569,,83276.0,0.0,-3700,86976.0,0.0,0,935.0,0,86041.0,1000.0,85041.0,0,0,0.0,0,0,81817.89,3223.11,85041.0,3420.0,67109.49,221,,ศรีเมือง
22/6/2569,,82463.0,0.0,-3828,86291.0,0.0,0,590.0,0,85701.0,800.0,84901.0,0,0,28.0,0,0,81714.97,3158.03,84873.0,3469.0,65925.43,250,,ศรีเมือง
23/6/2569,,86484.0,0.0,-3478,89962.0,0.0,0,694.0,0,89268.0,700.0,88568.0,0,0,0.0,0,0,84967.94,3600.06,88568.0,3692.0,69368.68,233,,ศรีเมือง
24/6/2569,,77566.0,0.0,-3161,80727.0,0.0,0,440.0,0,80287.0,650.0,79637.0,0,0,0.0,0,0,76437.27,3199.73,79637.0,3188.0,63185.14,233,,ศรีเมือง
25/6/2569,,78292.0,0.0,-3142,81434.0,0.0,0,575.0,0,80859.0,2100.0,78759.0,0,0,0.0,0,0,75543.73,3215.27,78759.0,3412.0,63234.68,213,,ศรีเมือง
26/6/2569,,81957.0,0.0,-3580,85537.0,0.0,0,680.4,0,84856.6,500.0,84356.6,0,0,120.0,0,0,80931.46,3305.14,84236.6,3627.0,65720.92,216,,ศรีเมือง
27/6/2569,,104315.5,0.0,-3794,108109.5,0.0,0,1232.0,0,106877.5,900.0,105977.5,0,0,0.0,0,0,101414.58,4562.92,105977.5,4881.0,84936.84,245,,ศรีเมือง
28/6/2569,,87252.0,0.0,-3472,90724.0,0.0,0,717.0,0,90007.0,950.0,89057.0,0,0,0.0,0,0,85403.77,3653.23,89057.0,3607.0,70121.8,223,,ศรีเมือง
29/6/2569,,88305.0,0.0,-3193,91498.0,0.0,0,470.0,0,91028.0,1450.0,89578.0,0,0,0.0,0,0,85771.08,3806.92,89578.0,3782.0,71287.97,222,,ศรีเมือง
30/6/2569,,91939.5,0.0,-3237,95176.5,0.0,0,703.0,0,94473.5,2100.0,92373.5,0,0,0.0,0,0,88362.0,4011.5,92373.5,3897.0,74541.73,233,,ศรีเมือง
1/7/2569,,74855.5,0.0,-3148,78003.5,0.0,0,439.0,0,77564.5,1600.0,75964.5,0,0,60.0,0,0,72891.43,3013.07,75904.5,3222.0,60323.75,218,,ศรีเมือง
2/7/2569,,80225.0,0.0,-3845,84070.0,0.0,0,533.0,0,83537.0,963.0,82574.0,0,0,359.0,0,0,79187.29,3027.71,82215.0,3470.0,64275.08,212,,ศรีเมือง
3/7/2569,,90911.0,0.0,-3853,94764.0,0.0,0,692.5,0,94071.5,1148.0,92923.5,0,0,510.0,0,0,88704.55,3708.95,92413.5,3979.0,72674.7,269,,ศรีเมือง
4/7/2569,,127770.0,0.0,-4255,132025.0,0.0,0,2656.0,0,129369.0,1273.0,128096.0,0,0,1656.0,0,0,120783.94,5656.06,126440.0,5105.0,104089.67,249,,ศรีเมือง
5/7/2569,,88354.0,0.0,-3436,91790.0,0.0,0,976.5,0,90813.5,1123.0,89690.5,0,0,1275.0,0,0,84741.49,3674.01,88415.5,3654.0,70710.43,213,,ศรีเมือง
6/7/2569,,98440.0,0.0,-3949,102389.0,0.0,0,851.0,0,101538.0,1964.0,99574.0,0,0,1438.0,0,0,94083.22,4052.78,98136.0,4256.0,79408.84,253,,ศรีเมือง
7/7/2569,,71418.0,0.0,-3491,74909.0,0.0,0,974.0,0,73935.0,1466.0,72469.0,0,0,1188.0,0,0,68691.5,2589.5,71281.0,2875.0,56472.22,191,,ศรีเมือง
8/7/2569,,94595.0,0.0,-3571,98166.0,0.0,0,1498.5,0,96667.5,1354.0,95313.5,0,0,1356.0,0,0,90025.91,3931.59,93957.5,4531.0,76047.01,248,,ศรีเมือง
9/7/2569,,85389.0,0.0,-3543,88932.0,0.0,0,1589.0,0,87343.0,1259.0,86084.0,0,0,1330.0,0,0,81327.52,3426.48,84754.0,4026.0,68040.04,202,,ศรีเมือง
10/7/2569,,92680.0,0.0,-3460,96140.0,0.0,0,1177.0,0,94963.0,1404.0,93559.0,0,0,1306.0,0,0,88414.51,3838.49,92253.0,4219.0,74400.87,237,,ศรีเมือง
11/7/2569,,117779.0,0.0,-4107,121886.0,0.0,0,2075.0,0,119811.0,1855.0,117956.0,0,0,1815.0,0,0,111021.09,5119.91,116141.0,5344.0,95485.8,267,,ศรีเมือง
12/7/2569,,80099.0,0.0,-3494,83593.0,0.0,0,1197.0,0,82396.0,1254.0,81142.0,0,0,1244.0,0,0,76818.91,3079.09,79898.0,3489.0,64321.35,213,,ศรีเมือง
13/7/2569,,97173.5,0.0,-3698,100871.5,0.0,0,1613.0,0,99258.5,1414.0,97844.5,0,0,1483.0,0,0,92356.38,4005.12,96361.5,4171.0,79267.99,230,,ศรีเมือง
14/7/2569,,79455.0,0.0,-3443,82898.0,0.0,0,994.5,0,81903.5,800.0,81103.5,0,0,1070.0,0,0,76976.64,3056.86,80033.5,3162.0,63339.85,220,,ศรีเมือง
15/7/2569,,78423.0,0.0,-3413,81836.0,0.0,0,1166.0,0,80670.0,764.0,79906.0,0,0,788.0,0,0,76090.86,3027.14,79118.0,3213.0,62949.34,226,,ศรีเมือง
16/7/2569,,80569.0,0.0,-3370,83939.0,0.0,0,861.0,0,83078.0,806.0,82272.0,0,0,1079.0,0,0,77927.12,3265.88,81193.0,3587.0,64723.76,214,,ศรีเมือง
17/7/2569,,91640.5,0.0,-3967,95607.5,0.0,0,821.5,0,94786.0,2006.0,92780.0,0,0,1586.0,0,0,87602.11,3591.89,91194.0,3844.0,73554.92,237,,ศรีเมือง
18/7/2569,,129015.0,0.0,-3956,132971.0,0.0,0,2796.0,0,130175.0,2463.0,127712.0,0,0,2442.0,0,0,119479.8,5790.2,125270.0,6279.0,104855.01,256,,ศรีเมือง
19/7/2569,,88940.0,0.0,-3801,92741.0,0.0,0,948.0,0,91793.0,1050.0,90743.0,0,0,1330.0,0,0,85833.56,3579.44,89413.0,3616.0,71124.03,226,,ศรีเมือง
20/7/2569,,96275.0,0.0,-3926,100201.0,0.0,0,1309.0,0,98892.0,1266.0,97626.0,0,0,1755.0,0,0,92044.75,3826.25,95871.0,4160.0,77827.61,257,,ศรีเมือง
21/7/2569,,91269.0,0.0,-3389,94658.0,0.0,0,856.0,0,93802.0,1910.0,91892.0,0,0,1559.0,0,0,86472.78,3860.22,90333.0,3941.0,73565.73,218,,ศรีเมือง
22/7/2569,,85797.0,0.0,37,85760.0,0.0,0,946.0,0,84814.0,1367.0,83447.0,0,0,1451.0,0,0,78613.7,3382.3,81996.0,3613.0,68934.47,209,,ศรีเมือง
23/7/2569,,84373.0,0.0,6,84367.0,0.0,0,888.0,0,83479.0,1103.0,82376.0,0,0,1228.0,0,0,77768.62,3379.38,81148.0,3533.0,68210.61,202,,ศรีเมือง
24/7/2569,,111351.0,0.0,63,111288.0,0.0,0,1519.0,0,109769.0,2015.0,107754.0,0,0,1961.0,0,0,101098.42,4694.58,105793.0,4735.0,90114.46,250,,ศรีเมือง
25/7/2569,,98944.5,0.0,37,98907.5,0.0,0,1577.0,0,97330.5,1010.0,96320.5,0,0,2465.0,0,0,89882.38,3973.12,93855.5,4493.0,79166.37,228,,ศรีเมือง
26/7/2569,,89775.0,0.0,70,89705.0,0.0,0,1162.0,0,88543.0,1619.0,86924.0,0,0,2043.0,0,0,81207.86,3673.14,84881.0,3874.0,72333.23,219,,ศรีเมือง
27/7/2569,,121814.0,0.0,115,121699.0,0.0,0,1736.0,0,119963.0,2673.0,117290.0,0,0,2638.0,0,0,109246.66,5405.34,114652.0,5296.0,99315.55,245,,ศรีเมือง
28/7/2569,,96843.5,0.0,51,96792.5,0.0,0,1361.0,0,95431.5,1912.0,93519.5,0,0,1738.0,0,0,87908.83,3872.67,91781.5,3881.0,78648.1,237,,ศรีเมือง
29/7/2569,,89306.0,0.0,32,89274.0,0.0,0,1346.0,0,87928.0,1970.0,85958.0,0,0,1574.0,0,0,80852.29,3531.71,84384.0,3687.0,71921.32,215,,ศรีเมือง
30/7/2569,,96744.0,0.0,41,96703.0,0.0,0,1622.0,0,95081.0,1952.0,93129.0,0,0,1675.0,0,0,87457.41,3996.59,91454.0,3788.0,77800.63,227,,ศรีเมือง
31/7/2569,,119561.0,0.0,39,119522.0,0.0,0,1553.0,0,117969.0,2540.0,115429.0,0,0,2073.0,0,0,108295.1,5060.9,113356.0,5083.0,96506.43,233,,ศรีเมือง
1/8/2569,,97425.0,0.0,50,97375.0,0.0,0,1062.0,0,96313.0,2050.0,94263.0,0,0,260.0,0,0,90026.42,3976.58,94003.0,3927.0,78952.95,236,,ศรีเมือง
2/8/2569,,98701.5,0.0,38,98663.5,0.0,0,1694.5,0,96969.0,1900.0,95069.0,0,0,16.0,0,0,90876.08,4176.92,95053.0,4656.0,79648.99,232,,ศรีเมือง
3/8/2569,,114097.0,0.0,42,114055.0,0.0,0,1454.0,0,112601.0,900.0,111701.0,0,0,160.0,0,0,106680.24,4860.76,111541.0,4765.0,92397.57,257,,ศรีเมือง
4/8/2569,,87353.0,0.0,30,87323.0,0.0,0,1465.0,0,85858.0,1500.0,84358.0,0,0,16.0,0,0,80949.37,3392.63,84342.0,3605.0,69481.04,251,,ศรีเมือง
26/12/2568,,32289.98,0.0,0,32289.98,1672.0,0,0.0,0,30617.98,6415.0,24202.98,0,0,209.0,0,0,22712.14,1281.84,23993.98,1349.372,26671.156,169,,บ้านไร่
27/12/2568,,5877.25,0.0,0,5877.25,0.0,0,20.0,0,5857.25,0.0,5857.25,0,0,10.0,0,0,5568.6,278.65,5847.25,207.72,5148.504,45,,บ้านไร่
28/12/2568,,4689.89,0.0,0,4689.89,0.0,0,0.0,0,4689.89,0.0,4689.89,0,0,35.0,0,0,4419.41,235.48,4654.89,172.378,3947.688,45,,บ้านไร่
29/12/2568,,2607.19,0.0,0,2607.19,0.0,0,15.0,0,2592.19,0.0,2592.19,0,0,0.0,0,0,2477.25,114.94,2592.19,83.36,2356.724,28,,บ้านไร่
30/12/2568,,5221.89,0.0,0,5221.89,0.0,0,15.0,0,5206.89,0.0,5206.89,0,0,0.0,0,0,4955.04,251.85,5206.89,200.88,4377.122,43,,บ้านไร่
31/12/2568,,153824.94,0.0,0,153824.94,45473.7,0,0.0,0,108351.24,0.0,108351.24,0,0,0.0,0,0,102090.46,6260.78,108351.24,5761.876,133471.99,372,,บ้านไร่
1/1/2569,,2665.38,0.0,0,2665.38,0.0,0,10.0,0,2655.38,0.0,2655.38,0,0,40.0,0,0,2533.52,81.86,2615.38,72.554,2329.156,32,,บ้านไร่
2/1/2569,,7736.28,0.0,0,7736.28,0.0,0,70.0,0,7666.28,0.0,7666.28,0,0,80.0,0,0,7196.42,389.86,7586.28,195.938,6285.474,54,,บ้านไร่
3/1/2569,,8067.19,0.0,0,8067.19,0.0,0,45.0,0,8022.19,0.0,8022.19,0,0,640.0,0,0,7009.43,372.76,7382.19,237.178,6646.49,38,,บ้านไร่
4/1/2569,,8527.97,0.0,0,8527.97,0.0,0,110.0,0,8417.97,0.0,8417.97,0,0,535.3,0,0,7553.64,329.03,7882.67,293.358,7470.976,49,,บ้านไร่
5/1/2569,,7601.28,0.0,0,7601.28,0.0,0,10.0,0,7591.28,0.0,7591.28,0,0,800.0,0,0,6486.27,305.01,6791.28,275.588,6452.984,47,,บ้านไร่
6/1/2569,,7052.66,0.0,0,7052.66,0.0,0,25.0,0,7027.66,0.0,7027.66,0,0,500.0,0,0,6234.89,292.77,6527.66,215.414,5891.17,50,,บ้านไร่
7/1/2569,,6225.85,0.0,0,6225.85,0.0,0,10.0,0,6215.85,0.0,6215.85,0,0,760.0,0,0,5181.84,274.01,5455.85,260.622,5269.782,36,,บ้านไร่
8/1/2569,,13091.73,0.0,0,13091.73,0.0,0,265.0,0,12826.73,0.0,12826.73,0,0,1620.0,0,0,10654.23,552.5,11206.73,438.002,11067.444,56,,บ้านไร่
9/1/2569,,9033.1,0.0,0,9033.1,0.0,0,0.0,0,9033.1,0.0,9033.1,0,0,960.0,0,0,7689.3,383.8,8073.1,241.866,7857.09,48,,บ้านไร่
10/1/2569,,10282.37,0.0,0,10282.37,0.0,0,60.0,0,10222.37,0.0,10222.37,0,0,840.0,0,0,8875.39,506.98,9382.37,369.968,8638.68,60,,บ้านไร่
11/1/2569,,14681.47,0.0,0,14681.47,0.0,0,245.0,0,14436.47,0.0,14436.47,0,0,1620.0,0,0,12170.65,645.82,12816.47,498.13,12449.65,64,,บ้านไร่
12/1/2569,,13915.71,0.0,0,13915.71,0.0,0,125.0,0,13790.71,0.0,13790.71,0,0,1860.0,0,0,11355.64,575.07,11930.71,613.617,12079.504,58,,บ้านไร่
13/1/2569,,7440.16,0.0,0,7440.16,0.0,0,60.0,0,7380.16,0.0,7380.16,0,0,680.0,0,0,6348.38,351.78,6700.16,194.873,6179.678,45,,บ้านไร่
14/1/2569,,10522.37,0.0,0,10522.37,0.0,0,145.0,0,10377.37,0.0,10377.37,0,0,1020.0,0,0,8975.89,381.48,9357.37,372.564,9587.086,48,,บ้านไร่
15/1/2569,,12654.04,0.0,0,12654.04,0.0,0,10.0,0,12644.04,0.0,12644.04,0,0,1660.0,0,0,10462.47,521.57,10984.04,386.935,10871.664,47,,บ้านไร่
16/1/2569,,8596.43,0.0,0,8596.43,0.0,0,25.0,0,8571.43,0.0,8571.43,0,0,640.0,0,0,7562.74,368.69,7931.43,286.92,7353.112,44,,บ้านไร่
17/1/2569,,11293.15,0.0,0,11293.15,0.0,0,360.0,0,10933.15,0.0,10933.15,0,0,1060.0,0,0,9320.46,552.69,9873.15,364.262,9441.554,44,,บ้านไร่
18/1/2569,,11192.92,0.0,0,11192.92,0.0,0,10.0,0,11182.92,0.0,11182.92,0,0,1220.0,0,0,9451.85,511.07,9962.92,376.502,9341.988,53,,บ้านไร่
19/1/2569,,8416.32,0.0,0,8416.32,0.0,0,54.0,0,8362.32,0.0,8362.32,0,0,560.0,0,0,7402.83,399.49,7802.32,345.362,7276.368,46,,บ้านไร่
20/1/2569,,8981.69,0.0,0,8981.69,0.0,0,0.0,0,8981.69,0.0,8981.69,0,0,740.0,0,0,7812.03,429.66,8241.69,355.906,7932.05,45,,บ้านไร่
21/1/2569,,9371.54,0.0,0,9371.54,0.0,0,10.0,0,9361.54,0.0,9361.54,0,0,680.0,0,0,8255.69,425.85,8681.54,404.69,7763.394,51,,บ้านไร่
22/1/2569,,8024.3,0.0,0,8024.3,0.0,0,12.0,0,8012.3,0.0,8012.3,0,0,688.0,0,0,6928.86,395.44,7324.3,385.002,6835.888,45,,บ้านไร่
23/1/2569,,14951.08,0.0,0,14951.08,0.0,0,205.0,0,14746.08,0.0,14746.08,0,0,1400.0,0,0,12667.58,678.5,13346.08,639.378,12298.7948,52,,บ้านไร่
24/1/2569,,12913.62,0.0,0,12913.62,0.0,0,100.0,0,12813.62,0.0,12813.62,0,0,1065.0,0,0,11171.92,576.7,11748.62,569.212,10948.4892,60,,บ้านไร่
25/1/2569,,11475.81,0.0,7,11468.81,0.0,0,10.0,0,11458.81,0.0,11458.81,0,0,1105.0,0,0,9800.67,553.14,10353.81,467.078,9779.56,53,,บ้านไร่
26/1/2569,,7504.33,0.0,9,7495.33,0.0,0,10.0,0,7485.33,0.0,7485.33,0,0,140.0,0,0,6983.8,361.53,7345.33,388.47,6587.07,48,,บ้านไร่
27/1/2569,,8270.83,0.0,22,8248.83,0.0,0,0.0,0,8248.83,0.0,8248.83,0,0,640.0,0,0,7200.99,407.84,7608.83,304.988,6657.604,49,,บ้านไร่
28/1/2569,,8348.44,0.0,3,8345.44,0.0,0,15.0,0,8330.44,0.0,8330.44,0,0,300.0,0,0,7655.53,374.91,8030.44,346.564,7154.102,49,,บ้านไร่
29/1/2569,,16140.18,0.0,7,16133.18,0.0,0,35.0,0,16098.18,0.0,16098.18,0,0,760.0,0,0,14563.62,774.56,15338.18,831.966,14284.598,69,,บ้านไร่
30/1/2569,,12641.58,0.0,20,12621.58,0.0,0,50.0,0,12571.58,0.0,12571.58,0,0,440.0,0,0,11499.04,632.54,12131.58,534.998,10282.872,60,,บ้านไร่
31/1/2569,,18294.74,0.0,10,18284.74,0.0,0,340.0,0,17944.74,0.0,17944.74,0,0,1620.0,0,0,15481.8,842.94,16324.74,623.248,15415.184,66,,บ้านไร่
1/2/2569,,7313.99,0.0,33,7280.99,0.0,0,30.0,0,7250.99,0.0,7250.99,0,0,0.0,0,0,6840.11,410.88,7250.99,234.51,6421.65,55,,บ้านไร่
2/2/2569,,7707.26,0.0,0,7707.26,0.0,0,15.0,0,7692.26,0.0,7692.26,0,0,0.0,0,0,7280.12,412.14,7692.26,314.518,6383.54,50,,บ้านไร่
3/2/2569,,10611.44,0.0,0,10611.44,0.0,0,30.0,0,10581.44,0.0,10581.44,0,0,0.0,0,0,10022.1,559.34,10581.44,412.734,8778.262,54,,บ้านไร่
4/2/2569,,11297.25,0.0,0,11297.25,0.0,0,70.0,0,11227.25,0.0,11227.25,0,0,0.0,0,0,10633.02,594.23,11227.25,437.718,9660.1,65,,บ้านไร่
5/2/2569,,9655.0,0.0,0,9655.0,0.0,0,45.0,0,9610.0,0.0,9610.0,0,0,0.0,0,0,9119.72,490.28,9610.0,445.932,8292.85,62,,บ้านไร่
6/2/2569,,11057.91,0.0,0,11057.91,0.0,0,50.0,0,11007.91,0.0,11007.91,0,0,0.0,0,0,10460.46,547.45,11007.91,467.682,9656.744,54,,บ้านไร่
7/2/2569,,7749.96,0.0,0,7749.96,0.0,0,25.0,0,7724.96,0.0,7724.96,0,0,0.0,0,0,7336.41,388.55,7724.96,317.93,6445.6,46,,บ้านไร่
8/2/2569,,8717.56,0.0,0,8717.56,0.0,0,25.0,0,8692.56,0.0,8692.56,0,0,0.0,0,0,8217.87,474.69,8692.56,311.096,7413.668,49,,บ้านไร่
9/2/2569,,7605.36,0.0,0,7605.36,0.0,0,55.0,0,7550.36,0.0,7550.36,0,0,5.0,0,0,7168.22,377.14,7545.36,297.23,6435.274,50,,บ้านไร่
10/2/2569,,9772.41,0.0,0,9772.41,0.0,0,30.0,0,9742.41,0.0,9742.41,0,0,0.0,0,0,9186.91,555.5,9742.41,255.218,7899.5363,56,,บ้านไร่
11/2/2569,,7110.61,0.0,0,7110.61,0.0,0,0.0,0,7110.61,0.0,7110.61,0,0,0.0,0,0,6753.95,356.66,7110.61,301.552,6093.888,45,,บ้านไร่
12/2/2569,,7508.04,0.0,0,7508.04,0.0,0,30.0,0,7478.04,0.0,7478.04,0,0,0.0,0,0,7081.4,396.64,7478.04,274.958,6290.324,69,,บ้านไร่
13/2/2569,,8793.12,0.0,0,8793.12,0.0,0,40.0,0,8753.12,0.0,8753.12,0,0,0.0,0,0,8327.61,425.51,8753.12,491.106,7418.766,46,,บ้านไร่
14/2/2569,,12239.27,0.0,539,11700.27,0.0,0,55.0,0,11645.27,0.0,11645.27,0,0,238.0,0,0,10804.36,602.91,11407.27,436.266,10358.33,61,,บ้านไร่
15/2/2569,,12859.25,0.0,607,12252.25,21.6,0,71.0,0,12159.65,0.0,12159.65,0,0,900.0,0,0,10616.75,642.9,11259.65,491.642,10895.72,69,,บ้านไร่
16/2/2569,,10941.71,0.0,383,10558.71,1.57,0,122.0,0,10435.14,0.0,10435.14,0,0,602.0,0,0,9319.45,513.69,9833.14,405.672,9022.874,57,,บ้านไร่
17/2/2569,,8483.37,0.0,351,8132.37,7.2,0,180.0,0,7945.17,0.0,7945.17,0,0,452.0,0,0,7099.32,393.85,7493.17,323.948,7067.636,43,,บ้านไร่
18/2/2569,,9959.17,0.0,388,9571.17,0.0,0,3.0,0,9568.17,0.0,9568.17,0,0,640.0,0,0,8447.97,480.2,8928.17,408.99,8418.206,50,,บ้านไร่
19/2/2569,,14103.77,0.0,420,13683.77,14.4,0,39.0,0,13630.37,0.0,13630.37,0,0,1184.0,0,0,11788.63,657.74,12446.37,542.662,12176.964,57,,บ้านไร่
20/2/2569,,9935.53,0.0,0,9935.53,0.0,0,0.0,0,9935.53,0.0,9935.53,0,0,502.0,0,0,8958.82,474.71,9433.53,465.242,8774.916,62,,บ้านไร่
21/2/2569,,9255.36,0.0,0,9255.36,21.6,0,243.0,0,8990.76,0.0,8990.76,0,0,510.28,0,0,8039.41,441.07,8480.48,333.678,8086.628,42,,บ้านไร่
22/2/2569,,7324.61,0.0,0,7324.61,0.0,0,70.0,0,7254.61,0.0,7254.61,0,0,664.0,0,0,6242.96,347.65,6590.61,315.42,6030.16,56,,บ้านไร่
23/2/2569,,8117.13,0.0,0,8117.13,0.0,0,103.0,0,8014.13,0.0,8014.13,0,0,245.75,0,0,7404.12,364.26,7768.38,332.814,6923.404,55,,บ้านไร่
24/2/2569,,9952.71,0.0,0,9952.71,0.0,0,15.0,0,9937.71,0.0,9937.71,0,0,514.0,0,0,8909.04,514.67,9423.71,379.646,8440.204,60,,บ้านไร่
25/2/2569,,10875.11,0.0,0,10875.11,0.0,0,108.0,0,10767.11,0.0,10767.11,0,0,740.0,0,0,9489.41,537.7,10027.11,372.79,9498.526,52,,บ้านไร่
26/2/2569,,7613.98,0.0,0,7613.98,0.0,0,10.0,0,7603.98,0.0,7603.98,0,0,448.0,0,0,6769.21,386.77,7155.98,239.908,6422.6,46,,บ้านไร่
27/2/2569,,8447.05,0.0,0,8447.05,0.0,0,40.0,0,8407.05,0.0,8407.05,0,0,200.0,0,0,7794.39,412.66,8207.05,373.876,7544.702,51,,บ้านไร่
28/2/2569,,10756.12,0.0,0,10756.12,0.0,0,145.0,0,10611.12,0.0,10611.12,0,0,320.46,0,0,9765.45,525.21,10290.66,362.64,8909.486,54,,บ้านไร่
1/3/2569,,6192.69,0.0,20,6172.69,0.0,0,20.0,0,6152.69,0.0,6152.69,0,0,150.0,0,0,5652.7,349.99,6002.69,193.21,5314.17,40,,บ้านไร่
2/3/2569,,6786.38,0.0,7,6779.38,0.0,0,65.0,0,6714.38,0.0,6714.38,0,0,70.0,0,0,6284.7,359.68,6644.38,238.226,5810.79,43,,บ้านไร่
3/3/2569,,11963.77,0.0,99,11864.77,0.0,0,15.0,0,11849.77,0.0,11849.77,0,0,200.0,0,0,11064.09,585.68,11649.77,361.928,10170.736,65,,บ้านไร่
4/3/2569,,9390.57,0.0,101,9289.57,0.0,0,5.0,0,9284.57,0.0,9284.57,0,0,300.0,0,0,8509.48,475.09,8984.57,364.622,7825.488,57,,บ้านไร่
5/3/2569,,11988.65,0.0,76,11912.65,0.0,0,165.0,0,11747.65,0.0,11747.65,0,0,50.0,0,0,11073.15,624.5,11697.65,434.524,10146.93,57,,บ้านไร่
6/3/2569,,8342.18,0.0,74,8268.18,0.0,0,120.0,0,8148.18,0.0,8148.18,0,0,200.0,0,0,7517.93,430.25,7948.18,274.916,6765.444,54,,บ้านไร่
7/3/2569,,10344.1,0.0,118,10226.1,0.0,0,10.0,0,10216.1,0.0,10216.1,0,0,300.0,0,0,9431.12,484.98,9916.1,335.852,8601.12,53,,บ้านไร่
8/3/2569,,6934.8,0.0,60,6874.8,0.0,0,5.0,0,6869.8,0.0,6869.8,0,0,100.0,0,0,6403.67,366.13,6769.8,331.128,5901.549,44,,บ้านไร่
9/3/2569,,12539.45,0.0,158,12381.45,0.0,0,45.0,0,12336.45,0.0,12336.45,0,0,50.0,0,0,11635.66,650.79,12286.45,449.348,10433.618,47,,บ้านไร่
10/3/2569,,10143.39,0.0,76,10067.39,0.0,0,17.0,0,10050.39,0.0,10050.39,0,0,205.0,0,0,9321.65,523.74,9845.39,397.382,8554.2346,58,,บ้านไร่
11/3/2569,,11684.46,0.0,258,11426.46,0.0,0,20.0,0,11406.46,0.0,11406.46,0,0,150.0,0,0,10627.01,629.45,11256.46,448.94,9497.162,65,,บ้านไร่
12/3/2569,,12971.96,0.0,128,12843.96,0.0,0,25.0,0,12818.96,0.0,12818.96,0,0,4.0,0,0,12121.78,693.18,12814.96,468.96,10796.074,56,,บ้านไร่
13/3/2569,,9566.07,0.0,100,9466.07,0.0,0,20.0,0,9446.07,0.0,9446.07,0,0,50.0,0,0,8872.02,524.05,9396.07,377.73,8328.292,57,,บ้านไร่
14/3/2569,,8277.92,0.0,39,8238.92,0.0,0,69.0,0,8169.92,0.0,8169.92,0,0,150.0,0,0,7596.62,423.3,8019.92,302.602,7101.744,47,,บ้านไร่
15/3/2569,,14170.88,0.0,153,14017.88,0.0,0,160.0,0,13857.88,0.0,13857.88,0,0,150.0,0,0,12972.2,735.68,13707.88,469.838,11960.824,66,,บ้านไร่
16/3/2569,,12357.06,0.0,88,12269.06,0.0,0,40.0,0,12229.06,0.0,12229.06,0,0,100.0,0,0,11463.77,665.29,12129.06,415.188,10174.252,64,,บ้านไร่
17/3/2569,,15474.83,0.0,187,15287.83,0.0,0,49.0,0,15238.83,0.0,15238.83,0,0,200.0,0,0,14209.02,829.81,15038.83,526.87,13344.57,72,,บ้านไร่
18/3/2569,,11283.76,0.0,104,11179.76,0.0,0,10.0,0,11169.76,0.0,11169.76,0,0,100.0,0,0,10461.76,608.0,11069.76,350.844,9453.4,66,,บ้านไร่
19/3/2569,,17206.69,0.0,88,17118.69,0.0,0,90.0,0,17028.69,200.0,16828.69,0,0,150.0,0,0,15730.52,948.17,16678.69,666.024,15080.988,72,,บ้านไร่
20/3/2569,,10239.99,0.0,127,10112.99,0.0,0,75.0,0,10037.99,400.0,9637.99,0,0,50.0,0,0,9149.12,438.87,9587.99,400.236,9003.234,63,,บ้านไร่
21/3/2569,,11447.26,0.0,307,11140.26,0.0,0,25.0,0,11115.26,150.0,10965.26,0,0,0.0,0,0,10342.53,622.73,10965.26,397.302,9353.47,61,,บ้านไร่
22/3/2569,,11946.01,0.0,169,11777.01,0.0,0,125.0,0,11652.01,700.0,10952.01,0,0,200.0,0,0,10133.96,618.05,10752.01,369.742,10198.053,68,,บ้านไร่
23/3/2569,,10788.61,0.0,66,10722.61,0.0,0,5.0,0,10717.61,400.0,10317.61,0,0,60.0,0,0,9787.96,469.65,10257.61,391.238,9518.4536,56,,บ้านไร่
24/3/2569,,13474.23,0.0,180,13294.23,0.0,0,90.0,0,13204.23,500.0,12704.23,0,0,50.0,0,0,11989.24,664.99,12654.23,513.05,11248.7735,57,,บ้านไร่
25/3/2569,,11001.36,0.0,113,10888.36,0.0,0,10.0,0,10878.36,250.0,10628.36,0,0,0.0,0,0,10058.31,570.05,10628.36,357.134,9144.5074,64,,บ้านไร่
26/3/2569,,11602.06,0.0,145,11457.06,0.0,0,45.0,0,11412.06,350.0,11062.06,0,0,50.0,0,0,10414.98,597.08,11012.06,411.082,9475.98,57,,บ้านไร่
27/3/2569,,12078.39,0.0,154,11924.39,0.0,0,430.0,0,11494.39,200.0,11294.39,0,0,100.0,0,0,10595.0,599.39,11194.39,452.908,10013.03,59,,บ้านไร่
28/3/2569,,12726.35,0.0,132,12594.35,0.0,0,160.0,0,12434.35,100.0,12334.35,0,0,10.0,0,0,11653.21,671.14,12324.35,502.652,10409.944,65,,บ้านไร่
29/3/2569,,17301.41,0.0,103,17198.41,0.0,0,98.0,0,17100.41,0.0,17100.41,0,0,50.0,0,0,16121.45,928.96,17050.41,625.934,14716.002,59,,บ้านไร่
30/3/2569,,14590.79,0.0,247,14343.79,0.0,0,55.0,0,14288.79,50.0,14238.79,0,0,200.0,0,0,13246.74,792.05,14038.79,575.022,12361.8,71,,บ้านไร่
31/3/2569,,12936.35,0.0,360,12576.35,0.0,0,130.0,0,12446.35,150.0,12296.35,0,0,150.0,0,0,11523.01,623.34,12146.35,506.09,10940.5618,56,,บ้านไร่
1/4/2569,,12935.87,0.0,162,12773.87,0.0,0,49.0,0,12724.87,0.0,12724.87,0,0,100.0,0,0,11918.34,706.53,12624.87,519.246,10500.18,59,,บ้านไร่
2/4/2569,,16763.04,0.0,121,16642.04,0.0,0,50.0,0,16592.04,100.0,16492.04,0,0,400.0,0,0,15194.86,897.18,16092.04,656.484,13974.86,81,,บ้านไร่
3/4/2569,,14230.29,0.0,75,14155.29,0.0,0,80.0,0,14075.29,350.0,13725.29,0,0,105.0,0,0,12898.69,721.6,13620.29,563.798,11865.8545,64,,บ้านไร่
4/4/2569,,16305.66,0.0,70,16235.66,0.0,0,60.0,0,16175.66,150.0,16025.66,0,0,250.0,0,0,14888.14,887.52,15775.66,517.25,13352.204,78,,บ้านไร่
5/4/2569,,11951.81,0.0,54,11897.81,0.0,0,82.0,0,11815.81,450.0,11365.81,0,0,50.0,0,0,10736.92,578.89,11315.81,406.606,9949.762,58,,บ้านไร่
6/4/2569,,9962.09,0.0,49,9913.09,0.0,0,5.0,0,9908.09,200.0,9708.09,0,0,46.35,0,0,9118.52,543.22,9661.74,336.528,8147.68,57,,บ้านไร่
7/4/2569,,11017.01,0.0,43,10974.01,0.0,0,30.0,0,10944.01,50.0,10894.01,0,0,200.0,0,0,10127.81,566.2,10694.01,358.874,9193.956,50,,บ้านไร่
8/4/2569,,13491.4,0.0,59,13432.4,0.0,0,30.0,0,13402.4,200.0,13202.4,0,0,150.0,0,0,12325.84,726.56,13052.4,542.89,11620.41,67,,บ้านไร่
9/4/2569,,14765.96,0.0,29,14736.96,0.0,0,5.0,0,14731.96,200.0,14531.96,0,0,0.0,0,0,13842.76,689.2,14531.96,567.746,12541.94,64,,บ้านไร่
10/4/2569,,16354.76,0.0,84,16270.76,0.0,0,120.0,0,16150.76,350.0,15800.76,0,0,450.0,0,0,14505.77,844.99,15350.76,527.754,13502.236,64,,บ้านไร่
11/4/2569,,15559.97,0.0,52,15507.97,0.0,0,125.0,0,15382.97,192.59,15190.38,0,0,200.0,0,0,14144.71,845.67,14990.38,451.678,12407.268,66,,บ้านไร่
12/4/2569,,14390.57,0.0,67,14323.57,0.0,0,20.0,0,14303.57,200.0,14103.57,0,0,300.0,0,0,13014.19,789.38,13803.57,445.164,11954.986,72,,บ้านไร่
13/4/2569,,14452.92,0.0,85,14367.92,0.0,0,15.0,0,14352.92,200.0,14152.92,0,0,200.0,0,0,13232.26,720.66,13952.92,493.556,12013.908,67,,บ้านไร่
14/4/2569,,11959.63,0.0,71,11888.63,0.0,0,50.0,0,11838.63,200.0,11638.63,0,0,50.0,0,0,11012.84,575.79,11588.63,393.276,10951.82,65,,บ้านไร่
15/4/2569,,12301.8,0.0,75,12226.8,0.0,0,20.0,0,12206.8,50.0,12156.8,0,0,150.0,0,0,11371.19,635.61,12006.8,417.34,10507.604,64,,บ้านไร่
16/4/2569,,17376.81,0.0,38,17338.81,0.0,0,35.0,0,17303.81,100.0,17203.81,0,0,0.0,0,0,16292.2,911.61,17203.81,684.384,14688.538,66,,บ้านไร่
17/4/2569,,15021.12,0.0,58,14963.12,0.0,0,50.0,0,14913.12,250.0,14663.12,0,0,0.0,0,0,13879.54,783.58,14663.12,411.334,12433.126,67,,บ้านไร่
18/4/2569,,15860.87,0.0,99,15761.87,0.0,0,15.0,0,15746.87,300.0,15446.87,0,0,50.0,0,0,14593.14,803.73,15396.87,507.586,13019.076,71,,บ้านไร่
19/4/2569,,15522.61,0.0,227,15295.61,0.0,0,35.0,0,15260.61,100.0,15160.61,0,0,50.0,0,0,14237.21,873.4,15110.61,553.304,12140.504,53,,บ้านไร่
20/4/2569,,14699.48,0.0,60,14639.48,0.0,0,50.0,0,14589.48,350.0,14239.48,0,0,50.0,0,0,13401.05,788.43,14189.48,461.268,11424.274,77,,บ้านไร่
21/4/2569,,12660.17,0.0,81,12579.17,0.0,0,25.0,0,12554.17,50.0,12504.17,0,0,0.0,0,0,11855.54,648.63,12504.17,395.826,10129.148,63,,บ้านไร่
22/4/2569,,12851.11,0.0,77,12774.11,0.0,0,70.0,0,12704.11,200.0,12504.11,0,0,10.0,0,0,11812.96,681.15,12494.11,482.69,10276.57,79,,บ้านไร่
23/4/2569,,11738.82,0.0,106,11632.82,0.0,0,14.0,0,11618.82,100.0,11518.82,0,0,0.0,0,0,10902.57,616.25,11518.82,409.208,9389.058,64,,บ้านไร่
24/4/2569,,14355.07,0.0,86,14269.07,0.0,0,0.0,0,14269.07,50.0,14219.07,0,0,55.0,0,0,13442.93,721.14,14164.07,457.012,11744.628,71,,บ้านไร่
25/4/2569,,11544.38,0.0,65,11479.38,0.0,0,5.0,0,11474.38,200.0,11274.38,0,0,151.0,0,0,10501.5,621.88,11123.38,388.008,9440.446,63,,บ้านไร่
26/4/2569,,11608.05,0.0,69,11539.05,0.0,0,57.0,0,11482.05,150.0,11332.05,0,0,30.0,0,0,10666.81,635.24,11302.05,366.756,9421.296,67,,บ้านไร่
27/4/2569,,11492.99,0.0,76,11416.99,0.0,0,20.0,0,11396.99,300.0,11096.99,0,0,50.0,0,0,10442.56,604.43,11046.99,418.978,8876.7,65,,บ้านไร่
28/4/2569,,14512.67,0.0,105,14407.67,0.0,0,35.0,0,14372.67,50.0,14322.67,0,0,250.0,0,0,13330.53,742.14,14072.67,515.134,11523.948,70,,บ้านไร่
29/4/2569,,14480.428,-0.002,20,14460.43,0.0,0,210.0,0,14250.43,400.0,13850.43,0,0,250.0,0,0,12859.31,741.12,13600.43,514.06,11658.444,74,,บ้านไร่
30/4/2569,,15565.57,0.0,102,15463.57,0.0,0,288.0,0,15175.57,300.0,14875.57,0,0,850.0,0,0,13223.04,802.53,14025.57,487.046,13003.0,88,,บ้านไร่
1/5/2569,,15657.2,0.0,51,15606.2,0.0,0,5.0,0,15601.2,350.0,15251.2,0,0,0.0,0,0,14433.55,817.65,15251.2,545.5,12617.922,64,,บ้านไร่
2/5/2569,,13423.26,0.0,29,13394.26,0.0,0,15.0,0,13379.26,200.0,13179.26,0,0,105.0,0,0,12359.79,714.47,13074.26,427.494,10714.468,61,,บ้านไร่
3/5/2569,,13204.52,0.0,40,13164.52,0.0,0,15.0,0,13149.52,150.0,12999.52,0,0,0.0,0,0,12305.1,694.42,12999.52,423.748,11097.622,62,,บ้านไร่
4/5/2569,,11701.15,0.0,25,11676.15,0.0,0,59.0,0,11617.15,0.0,11617.15,0,0,0.0,0,0,10953.64,663.51,11617.15,372.968,9391.02,64,,บ้านไร่
5/5/2569,,9981.38,0.0,12,9969.38,0.0,0,25.0,0,9944.38,150.0,9794.38,0,0,0.0,0,0,9277.56,516.82,9794.38,317.682,8074.716,50,,บ้านไร่
6/5/2569,,14251.02,0.0,68,14183.02,0.0,0,10.0,0,14173.02,150.0,14023.02,0,0,22.0,0,0,13247.87,753.15,14001.02,526.084,11509.818,73,,บ้านไร่
7/5/2569,,15406.28,0.0,45,15361.28,0.0,0,5.0,0,15356.28,250.0,15106.28,0,0,0.0,0,0,14302.7,803.58,15106.28,433.756,12711.082,68,,บ้านไร่
8/5/2569,,13657.89,0.0,21,13636.89,0.0,0,35.0,0,13601.89,150.0,13451.89,0,0,0.0,0,0,12682.04,769.85,13451.89,460.008,10703.3,70,,บ้านไร่
9/5/2569,,16107.35,0.0,27,16080.35,0.0,0,54.0,0,16026.35,200.0,15826.35,0,0,0.0,0,0,14955.85,870.5,15826.35,526.056,13176.504,75,,บ้านไร่
10/5/2569,,13089.89,0.0,43,13046.89,0.0,0,115.0,0,12931.89,100.0,12831.89,0,0,30.0,0,0,12066.5,735.39,12801.89,415.942,10643.099,68,,บ้านไร่
11/5/2569,,10933.04,0.0,33,10900.04,0.0,0,10.0,0,10890.04,50.0,10840.04,0,0,0.0,0,0,10254.15,585.89,10840.04,323.132,8838.05,52,,บ้านไร่
12/5/2569,,9554.42,0.0,20,9534.42,0.0,0,5.0,0,9529.42,50.0,9479.42,0,0,0.0,0,0,8986.8,492.62,9479.42,337.676,8093.286,62,,บ้านไร่
13/5/2569,,12736.09,0.0,39,12697.09,0.0,0,62.0,0,12635.09,350.0,12285.09,0,0,0.0,0,0,11593.63,691.46,12285.09,443.996,10053.464,70,,บ้านไร่
14/5/2569,,11191.51,0.0,24,11167.51,0.0,0,10.0,0,11157.51,100.0,11057.51,0,0,0.0,0,0,10440.4,617.11,11057.51,407.268,9039.216,56,,บ้านไร่
15/5/2569,,11508.91,0.0,40,11468.91,0.0,0,25.0,0,11443.91,150.0,11293.91,0,0,0.0,0,0,10663.92,629.99,11293.91,348.394,9189.45,60,,บ้านไร่
16/5/2569,,14216.14,0.0,40,14176.14,0.0,0,30.0,0,14146.14,200.0,13946.14,0,0,50.0,0,0,13156.79,739.35,13896.14,479.636,11573.96,65,,บ้านไร่
17/5/2569,,16373.68,0.0,30,16343.68,0.0,0,50.0,0,16293.68,450.0,15843.68,0,0,0.0,0,0,14962.19,881.49,15843.68,510.328,13515.6799,73,,บ้านไร่
18/5/2569,,13507.08,0.0,35,13472.08,0.0,0,35.0,0,13437.08,100.0,13337.08,0,0,0.0,0,0,12613.81,723.27,13337.08,452.776,10898.762,68,,บ้านไร่
19/5/2569,,15174.3,0.0,20,15154.3,0.0,0,0.0,0,15154.3,100.0,15054.3,0,0,0.0,0,0,14246.11,808.19,15054.3,466.722,12130.538,78,,บ้านไร่
20/5/2569,,13583.65,0.0,53,13530.65,0.0,0,60.0,0,13470.65,200.0,13270.65,0,0,0.0,0,0,12548.31,722.34,13270.65,469.054,11214.754,71,,บ้านไร่
21/5/2569,,11651.4,0.0,46,11605.4,0.0,0,0.0,0,11605.4,100.0,11505.4,0,0,0.0,0,0,10904.69,600.71,11505.4,458.47,9445.03,64,,บ้านไร่
22/5/2569,,12875.36,0.0,9,12866.36,0.0,0,25.0,0,12841.36,50.0,12791.36,0,0,0.0,0,0,12182.01,609.35,12791.36,434.032,10876.398,66,,บ้านไร่
23/5/2569,,11665.52,0.0,29,11636.52,0.0,0,20.0,0,11616.52,100.0,11516.52,0,0,0.0,0,0,10891.32,625.2,11516.52,462.25,9676.14,68,,บ้านไร่
24/5/2569,,9665.87,0.0,24,9641.87,0.0,0,10.0,0,9631.87,0.0,9631.87,0,0,0.0,0,0,9165.99,465.88,9631.87,291.268,8204.914,52,,บ้านไร่
25/5/2569,,14524.33,0.0,26,14498.33,0.0,0,5.0,0,14493.33,150.0,14343.33,0,0,5.0,0,0,13582.37,755.96,14338.33,453.784,11632.072,77,,บ้านไร่
26/5/2569,,16314.93,0.0,35,16279.93,0.0,0,85.0,0,16194.93,100.0,16094.93,0,0,0.0,0,0,15209.54,885.39,16094.93,472.916,13215.54,84,,บ้านไร่
27/5/2569,,17800.81,0.0,73,17727.81,0.0,0,40.0,0,17687.81,300.0,17387.81,0,0,0.0,0,0,16514.75,873.06,17387.81,561.864,15083.578,70,,บ้านไร่
28/5/2569,,14119.25,0.0,56,14063.25,0.0,0,5.0,0,14058.25,100.0,13958.25,0,0,0.0,0,0,13190.19,768.06,13958.25,502.13,11427.054,65,,บ้านไร่
29/5/2569,,12841.92,0.0,42,12799.92,0.0,0,10.0,0,12789.92,150.0,12639.92,0,0,6.0,0,0,11981.48,652.44,12633.92,414.95,10524.882,62,,บ้านไร่
30/5/2569,,15694.44,0.0,43,15651.44,0.0,0,55.0,0,15596.44,250.0,15346.44,0,0,0.0,0,0,14561.02,785.42,15346.44,459.36,13098.076,61,,บ้านไร่
31/5/2569,,11062.15,0.0,35,11027.15,0.0,0,15.0,0,11012.15,150.0,10862.15,0,0,0.0,0,0,10273.58,588.57,10862.15,376.332,9379.102,65,,บ้านไร่
1/6/2569,,15294.15,0.0,67,15227.15,0.0,0,20.0,0,15207.15,200.0,15007.15,0,0,50.0,0,0,14157.24,799.91,14957.15,505.308,12535.52,78,,บ้านไร่
2/6/2569,,13363.7,0.0,44,13319.7,0.0,0,55.0,0,13264.7,100.0,13164.7,0,0,0.0,0,0,12451.34,713.36,13164.7,447.508,10756.124,64,,บ้านไร่
3/6/2569,,14408.49,0.0,14,14394.49,0.0,0,20.0,0,14374.49,0.0,14374.49,0,0,100.0,0,0,13551.86,722.63,14274.49,422.458,11703.878,66,,บ้านไร่
4/6/2569,,14894.59,0.0,24,14870.59,0.0,0,55.0,0,14815.59,400.0,14415.59,0,0,40.0,0,0,13614.27,761.32,14375.59,464.518,12228.42,75,,บ้านไร่
5/6/2569,,13460.83,0.0,20,13440.83,0.0,0,5.0,0,13435.83,100.0,13335.83,0,0,30.0,0,0,12606.15,699.68,13305.83,442.526,11013.994,72,,บ้านไร่
6/6/2569,,18953.47,0.0,31,18922.47,0.0,0,15.0,0,18907.47,270.0,18637.47,0,0,0.0,0,0,17612.66,1024.81,18637.47,521.654,15920.732,76,,บ้านไร่
7/6/2569,,13849.42,0.0,36,13813.42,0.0,0,15.0,0,13798.42,0.0,13798.42,0,0,0.0,0,0,13056.83,741.59,13798.42,423.038,11744.234,57,,บ้านไร่
8/6/2569,,14576.76,0.0,20,14556.76,0.0,0,5.0,0,14551.76,150.0,14401.76,0,0,0.0,0,0,13596.24,805.52,14401.76,439.706,11758.446,70,,บ้านไร่
9/6/2569,,17799.93,0.0,30,17769.93,0.0,0,5.0,0,17764.93,150.0,17614.93,0,0,0.0,0,0,16612.17,1002.76,17614.93,681.47,14993.36,79,,บ้านไร่
10/6/2569,,14870.75,0.0,55,14815.75,0.0,0,5.0,0,14810.75,250.0,14560.75,0,0,0.0,0,0,13751.35,809.4,14560.75,546.106,12677.758,73,,บ้านไร่
11/6/2569,,15498.99,0.0,61,15437.99,0.0,0,10.0,0,15427.99,300.0,15127.99,0,0,0.0,0,0,14331.28,796.71,15127.99,485.112,12514.678,67,,บ้านไร่
12/6/2569,,16577.73,0.0,31,16546.73,0.0,0,65.0,0,16481.73,500.0,15981.73,0,0,0.0,0,0,15108.56,873.17,15981.73,548.87,13779.672,72,,บ้านไร่
13/6/2569,,15108.92,0.0,69,15039.92,0.0,0,41.0,0,14998.92,50.0,14948.92,0,0,50.0,0,0,14143.26,755.66,14898.92,606.398,13155.09,71,,บ้านไร่
14/6/2569,,13858.12,0.0,25,13833.12,0.0,0,65.0,0,13768.12,150.0,13618.12,0,0,0.0,0,0,12848.63,769.49,13618.12,390.884,11519.508,63,,บ้านไร่
15/6/2569,,20486.05,0.0,34,20452.05,0.0,0,35.0,0,20417.05,200.0,20217.05,0,0,0.0,0,0,19052.52,1164.53,20217.05,629.528,17228.06,85,,บ้านไร่
16/6/2569,,14323.86,0.0,31,14292.86,0.0,0,10.0,0,14282.86,300.0,13982.86,0,0,0.0,0,0,13245.37,737.49,13982.86,463.152,11747.126,66,,บ้านไร่
17/6/2569,,15946.35,0.0,52,15894.35,0.0,0,9.0,0,15885.35,450.0,15435.35,0,0,0.0,0,0,14592.21,843.14,15435.35,478.882,12749.414,68,,บ้านไร่
18/6/2569,,15106.96,0.0,89,15017.96,0.0,0,50.0,0,14967.96,150.0,14817.96,0,0,50.0,0,0,14009.96,758.0,14767.96,511.752,13161.412,76,,บ้านไร่
19/6/2569,,15563.31,0.0,21,15542.31,0.0,0,110.0,0,15432.31,250.0,15182.31,0,0,50.0,0,0,14305.17,827.14,15132.31,446.91,12803.81,75,,บ้านไร่
20/6/2569,,15242.84,0.0,24,15218.84,0.0,0,110.0,0,15108.84,50.0,15058.84,0,0,0.0,0,0,14218.4,840.44,15058.84,475.508,13084.56,61,,บ้านไร่
21/6/2569,,14676.53,0.0,19,14657.53,0.0,0,14.0,0,14643.53,200.0,14443.53,0,0,100.0,0,0,13546.2,797.33,14343.53,520.356,12158.226,76,,บ้านไร่
22/6/2569,,15759.64,0.0,12,15747.64,0.0,0,5.0,0,15742.64,200.0,15542.64,0,0,0.0,0,0,14721.21,821.43,15542.64,497.758,13428.946,84,,บ้านไร่
23/6/2569,,11188.26,0.0,41,11147.26,0.0,0,50.0,0,11097.26,200.0,10897.26,0,0,0.0,0,0,10261.02,636.24,10897.26,317.852,9312.988,54,,บ้านไร่
24/6/2569,,17423.74,0.0,18,17405.74,0.0,0,15.0,0,17390.74,200.0,17190.74,0,0,36.0,0,0,16216.49,938.25,17154.74,586.72,14528.574,79,,บ้านไร่
25/6/2569,,17372.55,0.0,10,17362.55,0.0,0,10.0,0,17352.55,350.0,17002.55,0,0,100.0,0,0,15968.46,934.09,16902.55,539.844,14504.18,74,,บ้านไร่
26/6/2569,,14255.56,0.0,82,14173.56,0.0,0,10.0,0,14163.56,250.0,13913.56,0,0,0.0,0,0,13163.87,749.69,13913.56,589.22,11610.078,72,,บ้านไร่
27/6/2569,,15004.1,0.0,51,14953.1,0.0,0,50.0,0,14903.1,500.0,14403.1,0,0,6.0,0,0,13641.31,755.79,14397.1,504.72,12421.328,81,,บ้านไร่
28/6/2569,,16530.44,0.0,6,16524.44,0.0,0,5.0,0,16519.44,250.0,16269.44,0,0,0.0,0,0,15384.72,884.72,16269.44,515.234,13782.446,76,,บ้านไร่
29/6/2569,,18716.17,0.0,52,18664.17,0.0,0,15.0,0,18649.17,350.0,18299.17,0,0,0.0,0,0,17286.6,1012.57,18299.17,603.348,15194.614,77,,บ้านไร่
30/6/2569,,17664.07,0.0,19,17645.07,0.0,0,10.0,0,17635.07,100.0,17535.07,0,0,10.0,0,0,16543.85,981.22,17525.07,635.242,14451.174,79,,บ้านไร่
1/7/2569,,16437.19,0.0,0,16437.19,0.0,0,88.0,0,16349.19,380.0,15969.19,0,0,30.0,0,0,15082.6,856.59,15939.19,544.594,13779.568,60,,บ้านไร่
2/7/2569,,20686.27,0.0,0,20686.27,0.0,0,32.0,0,20654.27,0.0,20654.27,0,0,235.0,0,0,19345.23,1074.04,20419.27,673.8,17544.818,85,,บ้านไร่
3/7/2569,,18432.23,0.0,0,18432.23,0.0,0,52.0,0,18380.23,250.0,18130.23,0,0,290.0,0,0,16898.18,942.05,17840.23,609.604,15260.322,69,,บ้านไร่
4/7/2569,,12785.07,0.0,0,12785.07,0.0,0,12.0,0,12773.07,50.0,12723.07,0,0,145.0,0,0,11957.83,620.24,12578.07,417.144,11370.008,64,,บ้านไร่
5/7/2569,,14215.38,0.0,0,14215.38,0.0,0,5.0,0,14210.38,150.0,14060.38,0,0,229.0,0,0,13132.51,698.87,13831.38,521.044,12464.176,72,,บ้านไร่
6/7/2569,,18245.9,0.0,0,18245.9,0.0,0,230.0,0,18015.9,200.0,17815.9,0,0,290.0,0,0,16532.13,993.77,17525.9,608.694,14970.3,72,,บ้านไร่
7/7/2569,,14850.52,0.0,0,14850.52,0.0,0,107.0,0,14743.52,450.0,14293.52,0,0,71.0,0,0,13527.68,694.84,14222.52,567.038,12349.712,74,,บ้านไร่
8/7/2569,,17644.22,0.0,0,17644.22,0.0,0,96.0,0,17548.22,200.0,17348.22,0,0,270.0,0,0,16143.41,934.81,17078.22,543.95,14935.828,78,,บ้านไร่
9/7/2569,,14027.44,0.0,0,14027.44,0.0,0,40.0,0,13987.44,300.0,13687.44,0,0,200.0,0,0,12770.93,716.51,13487.44,484.19,11457.03,66,,บ้านไร่
10/7/2569,,19116.53,0.0,0,19116.53,0.0,0,65.0,0,19051.53,50.0,19001.53,0,0,313.0,0,0,17742.23,946.3,18688.53,744.272,16508.18,79,,บ้านไร่
11/7/2569,,15606.11,0.0,0,15606.11,0.0,0,151.0,0,15455.11,350.0,15105.11,0,0,240.0,0,0,14088.45,776.66,14865.11,433.92,13014.806,80,,บ้านไร่
12/7/2569,,15430.37,0.0,0,15430.37,0.0,0,94.0,0,15336.37,100.0,15236.37,0,0,208.0,0,0,14202.22,826.15,15028.37,466.594,12998.03,70,,บ้านไร่
13/7/2569,,18741.58,0.0,0,18741.58,0.0,0,80.0,0,18661.58,250.0,18411.58,0,0,262.0,0,0,17194.83,954.75,18149.58,754.398,15561.164,69,,บ้านไร่
14/7/2569,,14122.17,0.0,0,14122.17,0.0,0,23.0,0,14099.17,150.0,13949.17,0,0,149.0,0,0,13073.86,726.31,13800.17,477.956,11436.576,84,,บ้านไร่
15/7/2569,,16586.19,0.0,0,16586.19,0.0,0,57.0,0,16529.19,250.0,16279.19,0,0,370.0,0,0,15073.66,835.53,15909.19,625.921,13749.164,74,,บ้านไร่
16/7/2569,,16045.83,0.0,0,16045.83,0.0,0,33.0,0,16012.83,250.0,15762.83,0,0,281.0,0,0,14629.62,852.21,15481.83,531.958,12852.48,79,,บ้านไร่
17/7/2569,,17632.34,0.0,0,17632.34,0.0,0,96.0,0,17536.34,350.0,17186.34,0,0,210.0,0,0,16103.71,872.63,16976.34,630.384,14835.278,76,,บ้านไร่
18/7/2569,,14500.0,0.0,0,14500.0,0.0,0,147.0,0,14353.0,200.0,14153.0,0,0,140.0,0,0,13213.59,799.41,14013.0,419.756,12540.75,64,,บ้านไร่
19/7/2569,,14473.75,0.0,0,14473.75,0.0,0,82.0,0,14391.75,200.0,14191.75,0,0,205.0,0,0,13234.49,752.26,13986.75,472.694,12474.036,64,,บ้านไร่
20/7/2569,,18272.99,0.0,0,18272.99,0.0,0,152.0,0,18120.99,100.0,18020.99,0,0,217.0,0,0,16848.93,955.06,17803.99,700.89,15301.244,79,,บ้านไร่
21/7/2569,,12476.21,0.0,0,12476.21,0.0,0,5.0,0,12471.21,0.0,12471.21,0,0,130.0,0,0,11749.88,591.33,12341.21,552.122,11023.368,70,,บ้านไร่
22/7/2569,,13833.94,0.0,0,13833.94,0.0,0,14.0,0,13819.94,150.0,13669.94,0,0,140.0,0,0,12864.13,665.81,13529.94,613.048,11862.496,61,,บ้านไร่
23/7/2569,,18166.51,0.0,0,18166.51,0.0,0,151.0,0,18015.51,450.0,17565.51,0,0,254.0,0,0,16344.92,966.59,17311.51,595.934,15092.43,77,,บ้านไร่
24/7/2569,,13238.8,0.0,0,13238.8,0.0,0,76.0,0,13162.8,0.0,13162.8,0,0,110.0,0,0,12337.86,714.94,13052.8,510.42,11243.894,80,,บ้านไร่
25/7/2569,,12351.36,0.0,0,12351.36,0.0,0,100.0,0,12251.36,300.0,11951.36,0,0,90.0,0,0,11177.08,684.28,11861.36,401.996,10153.94,68,,บ้านไร่
26/7/2569,,15035.81,0.0,0,15035.81,0.0,0,65.0,0,14970.81,400.0,14570.81,0,0,135.0,0,0,13656.04,779.77,14435.81,503.66,12524.36,81,,บ้านไร่
27/7/2569,,11850.47,0.0,0,11850.47,0.0,0,35.0,0,11815.47,100.0,11715.47,0,0,148.0,0,0,10955.71,611.76,11567.47,545.156,9734.238,66,,บ้านไร่
28/7/2569,,20128.98,0.0,0,20128.98,0.0,0,202.0,0,19926.98,300.0,19626.98,0,0,220.0,0,0,18366.35,1040.63,19406.98,788.514,16906.116,101,,บ้านไร่
29/7/2569,,10941.44,0.0,0,10941.44,0.0,0,25.0,0,10916.44,100.0,10816.44,0,0,70.0,0,0,10180.33,566.11,10746.44,380.078,8884.692,61,,บ้านไร่
30/7/2569,,15437.39,0.0,0,15437.39,0.0,0,100.0,0,15337.39,0.0,15337.39,0,0,182.0,0,0,14325.32,830.07,15155.39,465.562,12733.472,71,,บ้านไร่
31/7/2569,,16203.16,0.0,0,16203.16,0.0,0,85.0,0,16118.16,150.0,15968.16,0,0,165.0,0,0,14989.05,814.11,15803.16,568.728,13433.796,83,,บ้านไร่
1/8/2569,,15139.43,0.0,0,15139.43,0.0,0,85.0,0,15054.43,350.0,14704.43,0,0,0.0,0,0,13922.45,781.98,14704.43,585.944,12329.174,75,,บ้านไร่
2/8/2569,,16360.86,0.0,0,16360.86,0.0,0,84.0,0,16276.86,150.0,16126.86,0,0,6.0,0,0,15229.85,891.01,16120.86,572.81,13398.764,84,,บ้านไร่
3/8/2569,,17057.96,0.0,0,17057.96,0.0,0,5.0,0,17052.96,300.0,16752.96,0,0,120.0,0,0,15746.76,886.2,16632.96,552.042,14740.226,73,,บ้านไร่
4/8/2569,,14979.36,0.0,0,14979.36,0.0,0,7.0,0,14972.36,550.0,14422.36,0,0,12.0,0,0,13657.03,753.33,14410.36,481.992,12153.702,75,,บ้านไร่
15/5/2569,,10556.1,0.0,-17,10573.1,0.0,0,0.0,0,10573.1,0.0,10573.1,0,0,0.0,0,0,9960.48,612.62,10573.1,308.27,8653.534,109,,บ้านโป่ง
16/5/2569,,4610.32,0.0,-4,4614.32,0.0,0,0.0,0,4614.32,0.0,4614.32,0,0,0.0,0,0,4369.22,245.1,4614.32,145.614,3868.7946,52,,บ้านโป่ง
17/5/2569,,5456.05,0.0,6,5450.05,0.0,0,6.0,0,5444.05,0.0,5444.05,0,0,0.0,0,0,5132.83,311.22,5444.05,199.972,4419.622,48,,บ้านโป่ง
18/5/2569,,3757.88,0.0,0,3757.88,0.0,0,0.0,0,3757.88,0.0,3757.88,0,0,0.0,0,0,3603.02,154.86,3757.88,193.318,3180.83,37,,บ้านโป่ง
19/5/2569,,3813.27,0.0,-5,3818.27,0.0,0,0.0,0,3818.27,0.0,3818.27,0,0,6.0,0,0,3611.61,200.66,3812.27,121.73,3052.198,42,,บ้านโป่ง
20/5/2569,,400367.72,0.0,66,400301.72,119175.0,0,290.0,0,280836.72,0.0,280836.72,0,0,2205.0,0,0,263601.22,15030.5,278631.72,14324.832,340483.1592,708,,บ้านโป่ง
21/5/2569,,5895.82,0.0,-7,5902.82,0.0,0,56.0,0,5846.82,0.0,5846.82,0,0,900.0,0,0,4690.35,256.47,4946.82,188.514,4902.02,52,,บ้านโป่ง
22/5/2569,,5312.0,0.0,3,5309.0,0.0,0,60.0,0,5249.0,0.0,5249.0,0,0,560.0,0,0,4423.16,265.84,4689.0,225.0,4148.28,52,,บ้านโป่ง
23/5/2569,,5699.53,0.0,11,5688.53,0.0,0,0.0,0,5688.53,0.0,5688.53,0,0,400.0,0,0,4994.27,294.26,5288.53,174.69,4709.634,50,,บ้านโป่ง
24/5/2569,,4939.38,0.0,33,4906.38,0.0,0,0.0,0,4906.38,0.0,4906.38,0,0,750.0,0,0,3925.86,230.52,4156.38,209.408,4111.39,48,,บ้านโป่ง
25/5/2569,,3711.92,0.0,4,3707.92,0.0,0,68.0,0,3639.92,0.0,3639.92,0,0,664.0,0,0,2819.27,156.65,2975.92,126.662,3090.27,44,,บ้านโป่ง
26/5/2569,,4900.47,0.0,-2,4902.47,0.0,0,58.0,0,4844.47,0.0,4844.47,0,0,402.0,0,0,4185.14,257.33,4442.47,168.516,3946.39,41,,บ้านโป่ง
27/5/2569,,5665.82,0.0,15,5650.82,0.0,0,54.0,0,5596.82,0.0,5596.82,0,0,764.0,0,0,4565.82,267.0,4832.82,201.832,4620.432,52,,บ้านโป่ง
28/5/2569,,6128.47,0.0,14,6114.47,0.0,0,0.0,0,6114.47,0.0,6114.47,0,0,612.0,0,0,5206.6,295.87,5502.47,257.382,5058.28,48,,บ้านโป่ง
29/5/2569,,4882.5,0.0,19,4863.5,0.0,0,2.0,0,4861.5,0.0,4861.5,0,0,374.0,0,0,4257.74,229.76,4487.5,139.0,4052.82,35,,บ้านโป่ง
30/5/2569,,6828.3,0.0,61,6767.3,0.0,0,0.0,0,6767.3,0.0,6767.3,0,0,502.0,0,0,5942.68,322.62,6265.3,248.976,5527.756,52,,บ้านโป่ง
31/5/2569,,7246.5,0.0,2,7244.5,0.0,0,80.0,0,7164.5,0.0,7164.5,0,0,730.0,0,0,6069.74,364.76,6434.5,269.0,5896.84,53,,บ้านโป่ง
1/6/2569,,5025.0,0.0,3,5022.0,0.0,0,50.0,0,4972.0,0.0,4972.0,0,0,100.0,0,0,4635.95,236.05,4872.0,212.0,3968.47,55,,บ้านโป่ง
2/6/2569,,6159.56,0.0,21,6138.56,0.0,0,0.0,0,6138.56,0.0,6138.56,0,0,384.0,0,0,5492.77,261.79,5754.56,278.704,5011.73,48,,บ้านโป่ง
3/6/2569,,7183.68,0.0,39,7144.68,0.0,0,0.0,0,7144.68,80.0,7064.68,0,0,276.0,0,0,6436.55,352.13,6788.68,258.656,5817.91,58,,บ้านโป่ง
4/6/2569,,3725.0,0.0,16,3709.0,0.0,0,0.0,0,3709.0,0.0,3709.0,0,0,100.0,0,0,3445.76,163.24,3609.0,113.0,3098.88,31,,บ้านโป่ง
5/6/2569,,6659.96,0.0,55,6604.96,0.0,0,2.0,0,6602.96,0.0,6602.96,0,0,310.0,0,0,5939.14,353.82,6292.96,187.542,5384.11,54,,บ้านโป่ง
6/6/2569,,4251.86,0.0,17,4234.86,0.0,0,0.0,0,4234.86,0.0,4234.86,0,0,100.0,0,0,3920.95,213.91,4134.86,143.712,3408.22,36,,บ้านโป่ง
7/6/2569,,6604.0,0.0,8,6596.0,0.0,0,0.0,0,6596.0,20.0,6576.0,0,0,222.0,0,0,6001.41,352.59,6354.0,223.0,5297.56,58,,บ้านโป่ง
8/6/2569,,4136.0,0.0,21,4115.0,0.0,0,0.0,0,4115.0,372.0,3743.0,0,0,26.0,0,0,3527.98,189.02,3717.0,134.0,3304.04,33,,บ้านโป่ง
9/6/2569,,5331.1,0.0,37,5294.1,0.0,0,16.0,0,5278.1,143.0,5135.1,0,0,202.0,0,0,4690.33,242.77,4933.1,163.244,4423.4,41,,บ้านโป่ง
10/6/2569,,5851.81,0.0,31,5820.81,0.0,0,0.0,0,5820.81,62.0,5758.81,0,0,352.0,0,0,5142.79,264.02,5406.81,151.984,4800.126,47,,บ้านโป่ง
11/6/2569,,5827.9,0.0,40,5787.9,0.0,0,0.0,0,5787.9,720.0,5067.9,0,0,48.0,0,0,4751.95,267.95,5019.9,204.276,4683.82,40,,บ้านโป่ง
12/6/2569,,6461.14,0.0,79,6382.14,0.0,0,0.0,0,6382.14,62.0,6320.14,0,0,184.0,0,0,5818.84,317.3,6136.14,200.432,5410.054,50,,บ้านโป่ง
13/6/2569,,8717.58,0.0,-2,8719.58,0.0,0,50.0,0,8669.58,40.0,8629.58,0,0,414.0,0,0,7758.89,456.69,8215.58,266.536,7153.03,55,,บ้านโป่ง
14/6/2569,,7635.54,0.0,137,7498.54,0.0,0,50.0,0,7448.54,40.0,7408.54,0,0,160.0,0,0,6869.51,379.03,7248.54,258.724,6091.02,56,,บ้านโป่ง
15/6/2569,,4963.8,0.0,-24,4987.8,0.0,0,10.0,0,4977.8,0.0,4977.8,0,0,116.0,0,0,4599.49,262.31,4861.8,163.506,4100.946,42,,บ้านโป่ง
16/6/2569,,8045.14,0.0,11,8034.14,0.0,0,0.0,0,8034.14,0.0,8034.14,0,0,20.0,0,0,7636.79,377.35,8014.14,375.838,6777.946,48,,บ้านโป่ง
17/6/2569,,6158.43,0.0,-55,6213.43,0.0,0,24.0,0,6189.43,0.0,6189.43,0,0,172.0,0,0,5747.1,270.33,6017.43,223.272,5285.882,45,,บ้านโป่ง
18/6/2569,,5623.0,0.0,-6,5629.0,0.0,0,0.0,0,5629.0,90.0,5539.0,0,0,0.0,0,0,5289.62,249.38,5539.0,224.0,4651.87,48,,บ้านโป่ง
19/6/2569,,7145.49,0.0,9,7136.49,0.0,0,4.0,0,7132.49,70.0,7062.49,0,0,28.0,0,0,6663.42,371.07,7034.49,220.792,5857.99,48,,บ้านโป่ง
20/6/2569,,7574.43,0.0,62,7512.43,0.0,0,10.0,0,7502.43,40.0,7462.43,0,0,68.0,0,0,7016.04,378.39,7394.43,232.102,6001.48,59,,บ้านโป่ง
21/6/2569,,7584.52,0.0,12,7572.52,0.0,0,0.0,0,7572.52,50.0,7522.52,0,0,100.0,0,0,7071.33,351.19,7422.52,324.346,6368.83,58,,บ้านโป่ง
22/6/2569,,6368.5,0.0,-1,6369.5,0.0,0,8.0,0,6361.5,20.0,6341.5,0,0,82.0,0,0,5932.2,327.3,6259.5,237.62,5392.82,44,,บ้านโป่ง
23/6/2569,,5255.25,0.0,17,5238.25,0.0,0,0.0,0,5238.25,40.0,5198.25,0,0,12.0,0,0,4907.68,278.57,5186.25,169.014,4404.05,45,,บ้านโป่ง
24/6/2569,,8201.0,0.0,-36,8237.0,0.0,0,0.0,0,8237.0,20.0,8217.0,0,0,174.0,0,0,7636.16,406.84,8043.0,248.0,6763.33,63,,บ้านโป่ง
25/6/2569,,6861.75,0.0,-5,6866.75,0.0,0,0.0,0,6866.75,40.0,6826.75,0,0,158.0,0,0,6317.68,351.07,6668.75,214.982,5760.93,42,,บ้านโป่ง
26/6/2569,,5557.5,0.0,8,5549.5,0.0,0,50.0,0,5499.5,0.0,5499.5,0,0,184.0,0,0,5046.61,268.89,5315.5,182.0,4607.83,44,,บ้านโป่ง
27/6/2569,,10336.56,0.0,31,10305.56,0.0,0,0.0,0,10305.56,0.0,10305.56,0,0,118.0,0,0,9614.7,572.86,10187.56,405.712,8399.09,68,,บ้านโป่ง
28/6/2569,,8773.04,0.0,3,8770.04,0.0,0,10.0,0,8760.04,0.0,8760.04,0,0,76.0,0,0,8242.33,441.71,8684.04,299.616,7335.05,55,,บ้านโป่ง
29/6/2569,,6083.14,0.0,-1,6084.14,0.0,0,0.0,0,6084.14,70.0,6014.14,0,0,210.0,0,0,5510.21,293.93,5804.14,256.152,4978.39,48,,บ้านโป่ง
30/6/2569,,7239.49,0.0,-33,7272.49,0.0,0,16.0,0,7256.49,0.0,7256.49,0,0,446.0,0,0,6436.99,373.5,6810.49,220.388,5892.33,58,,บ้านโป่ง
1/7/2569,,5236.86,0.0,-19,5255.86,0.0,0,0.0,0,5255.86,47.0,5208.86,0,0,4.0,0,0,4942.79,262.07,5204.86,170.62,4281.13,42,,บ้านโป่ง
2/7/2569,,10731.8,0.0,13,10718.8,0.0,0,0.0,0,10718.8,73.0,10645.8,0,0,246.0,0,0,9872.16,527.64,10399.8,311.526,9089.47,56,,บ้านโป่ง
3/7/2569,,6278.0,0.0,16,6262.0,0.0,0,0.0,0,6262.0,6.0,6256.0,0,0,8.0,0,0,5981.65,266.35,6248.0,156.0,5199.01,41,,บ้านโป่ง
4/7/2569,,9659.0,0.0,-26,9685.0,0.0,0,0.0,0,9685.0,170.0,9515.0,0,0,15.0,0,0,9095.78,404.22,9500.0,275.0,7867.5,51,,บ้านโป่ง
5/7/2569,,8713.64,0.0,10,8703.64,0.0,0,0.0,0,8703.64,23.0,8680.64,0,0,151.0,0,0,8045.33,484.31,8529.64,284.932,7221.42,53,,บ้านโป่ง
6/7/2569,,9354.22,0.0,-13,9367.22,0.0,0,60.0,0,9307.22,85.0,9222.22,0,0,190.0,0,0,8552.44,479.78,9032.22,306.704,7652.32,60,,บ้านโป่ง
7/7/2569,,7348.12,0.0,-5,7353.12,0.0,0,0.0,0,7353.12,6.0,7347.12,0,0,29.0,0,0,6945.29,372.83,7318.12,282.816,6233.07,46,,บ้านโป่ง
8/7/2569,,7116.25,0.0,-41,7157.25,0.0,0,0.0,0,7157.25,9.0,7148.25,0,0,138.0,0,0,6640.4,369.85,7010.25,262.21,5979.71,46,,บ้านโป่ง
9/7/2569,,4889.0,0.0,3,4886.0,0.0,0,0.0,0,4886.0,56.0,4830.0,0,0,109.0,0,0,4456.45,264.55,4721.0,172.0,4000.96,42,,บ้านโป่ง
10/7/2569,,8916.0,0.0,-9,8925.0,0.0,0,0.0,0,8925.0,52.0,8873.0,0,0,66.0,0,0,8364.65,442.35,8807.0,325.0,7320.3,58,,บ้านโป่ง
11/7/2569,,8675.4,0.0,-45,8720.4,0.0,0,0.0,0,8720.4,95.0,8625.4,0,0,63.0,0,0,8114.91,447.49,8562.4,276.62,6901.83,58,,บ้านโป่ง
12/7/2569,,10082.13,0.0,43,10039.13,0.0,0,0.0,0,10039.13,166.0,9873.13,0,0,182.0,0,0,9186.25,504.88,9691.13,402.022,8203.6,69,,บ้านโป่ง
13/7/2569,,8632.18,0.0,30,8602.18,0.0,0,12.0,0,8590.18,49.0,8541.18,0,0,66.0,0,0,8002.99,472.19,8475.18,337.09,7124.206,69,,บ้านโป่ง
14/7/2569,,6924.02,0.0,21,6903.02,0.0,0,62.0,0,6841.02,40.0,6801.02,0,0,56.0,0,0,6426.58,318.44,6745.02,203.634,5748.012,53,,บ้านโป่ง
15/7/2569,,9585.0,0.0,1,9584.0,0.0,0,68.0,0,9516.0,45.0,9471.0,0,0,132.0,0,0,8818.37,520.63,9339.0,310.0,7599.13,60,,บ้านโป่ง
16/7/2569,,8547.61,0.0,24,8523.61,0.0,0,53.0,0,8470.61,8.0,8462.61,0,0,90.0,0,0,7912.55,460.06,8372.61,261.2,6923.59,57,,บ้านโป่ง
17/7/2569,,7605.0,0.0,-42,7647.0,0.0,0,0.0,0,7647.0,11.0,7636.0,0,0,151.0,0,0,7087.61,397.39,7485.0,251.0,6163.55,58,,บ้านโป่ง
18/7/2569,,9875.65,0.0,64,9811.65,0.0,0,8.0,0,9803.65,73.0,9730.65,0,0,231.0,0,0,9072.24,427.41,9499.65,286.706,7518.478,61,,บ้านโป่ง
19/7/2569,,8546.9,0.0,-4,8550.9,0.0,0,2.0,0,8548.9,12.0,8536.9,0,0,149.0,0,0,7940.25,447.65,8387.9,263.036,7054.782,58,,บ้านโป่ง
20/7/2569,,6583.1,0.0,-13,6596.1,0.0,0,0.0,0,6596.1,26.0,6570.1,0,0,76.0,0,0,6161.76,332.34,6494.1,211.084,5456.366,50,,บ้านโป่ง
21/7/2569,,7060.62,0.0,-46,7106.62,0.0,0,150.0,0,6956.62,4.0,6952.62,0,0,205.0,0,0,6405.05,342.57,6747.62,238.304,5651.362,49,,บ้านโป่ง
22/7/2569,,5734.0,0.0,15,5719.0,0.0,0,56.0,0,5663.0,134.0,5529.0,0,0,210.0,0,0,5069.67,249.33,5319.0,159.0,4578.26,39,,บ้านโป่ง
23/7/2569,,11753.58,0.0,-79,11832.58,0.0,0,282.0,0,11550.58,3.0,11547.58,0,0,82.0,0,0,10883.21,582.37,11465.58,444.386,9707.168,57,,บ้านโป่ง
24/7/2569,,7915.0,0.0,2,7913.0,0.0,0,3.0,0,7910.0,10.0,7900.0,0,0,79.0,0,0,7429.91,391.09,7821.0,320.0,6500.87,58,,บ้านโป่ง
25/7/2569,,8948.38,0.0,-6,8954.38,0.0,0,0.0,0,8954.38,12.0,8942.38,0,0,84.0,0,0,8403.49,454.89,8858.38,264.288,7434.428,61,,บ้านโป่ง
26/7/2569,,5733.0,0.0,19,5714.0,0.0,0,0.0,0,5714.0,20.0,5694.0,0,0,90.0,0,0,5353.98,250.02,5604.0,182.0,4618.36,44,,บ้านโป่ง
27/7/2569,,9442.97,0.0,36,9406.97,0.0,0,0.0,0,9406.97,57.0,9349.97,0,0,217.0,0,0,8667.49,465.48,9132.97,253.758,7871.194,61,,บ้านโป่ง
28/7/2569,,12844.74,0.0,84,12760.74,0.0,0,50.0,0,12710.74,176.0,12534.74,0,0,274.0,0,0,11568.25,692.49,12260.74,460.442,10454.616,64,,บ้านโป่ง
29/7/2569,,8436.3,0.0,26,8410.3,0.0,0,0.0,0,8410.3,179.0,8231.3,0,0,109.0,0,0,7694.22,428.08,8122.3,258.692,6775.196,58,,บ้านโป่ง
30/7/2569,,8318.0,0.0,8,8310.0,0.0,0,0.0,0,8310.0,126.0,8184.0,0,0,56.0,0,0,7777.42,350.58,8128.0,214.0,6779.65,50,,บ้านโป่ง
31/7/2569,,8211.0,0.0,-1,8212.0,0.0,0,0.0,0,8212.0,25.0,8187.0,0,0,155.0,0,0,7621.9,410.1,8032.0,295.0,6690.06,55,,บ้านโป่ง
1/8/2569,,8535.0,0.0,2,8533.0,0.0,0,0.0,0,8533.0,70.0,8463.0,0,0,40.0,0,0,7981.6,441.4,8423.0,291.48,6898.36,60,,บ้านโป่ง
2/8/2569,,8648.0,0.0,35,8613.0,0.0,0,0.0,0,8613.0,140.0,8473.0,0,0,26.0,0,0,8007.76,439.24,8447.0,333.0,6921.34,59,,บ้านโป่ง
3/8/2569,,8083.84,0.0,52,8031.84,0.0,0,0.0,0,8031.84,55.0,7976.84,0,0,10.0,0,0,7558.44,408.4,7966.84,322.178,6655.154,58,,บ้านโป่ง
4/8/2569,,8106.9,0.0,15,8091.9,0.0,0,0.0,0,8091.9,70.0,8021.9,0,0,156.0,0,0,7453.75,412.15,7865.9,268.916,6458.108,55,,บ้านโป่ง
24/10/2568,,6639.0,0.0,0,6639.0,0.0,0,338.0,0,6301.0,0.0,6301.0,0,0,0.0,0,0,5895.66,405.34,6301.0,220.0,5573.2,42,,เทศบาล
25/10/2568,,5296.0,0.0,0,5296.0,0.0,0,282.0,0,5014.0,0.0,5014.0,0,0,0.0,0,0,4686.98,327.02,5014.0,192.0,4493.57,37,,เทศบาล
26/10/2568,,6301.0,0.0,0,6301.0,0.0,0,270.0,0,6031.0,0.0,6031.0,0,0,0.0,0,0,5638.43,392.57,6031.0,234.0,5238.58,34,,เทศบาล
27/10/2568,,6501.0,0.0,0,6501.0,0.0,0,319.0,0,6182.0,0.0,6182.0,0,0,4.0,0,0,5779.7,398.3,6178.0,201.0,5558.24,41,,เทศบาล
28/10/2568,,4386.0,0.0,0,4386.0,0.0,0,256.0,0,4130.0,0.0,4130.0,0,0,6.0,0,0,3855.2,268.8,4124.0,161.0,3722.78,27,,เทศบาล
29/10/2568,,6915.0,0.0,0,6915.0,0.0,0,377.0,0,6538.0,0.0,6538.0,0,0,0.0,0,0,6112.24,425.76,6538.0,219.0,5958.64,35,,เทศบาล
30/10/2568,,7061.0,0.0,0,7061.0,0.0,0,358.0,0,6703.0,0.0,6703.0,0,0,0.0,0,0,6300.11,402.89,6703.0,217.0,5964.03,43,,เทศบาล
31/10/2568,,7961.0,0.0,0,7961.0,0.0,0,463.0,0,7498.0,0.0,7498.0,0,0,0.0,0,0,7083.68,414.32,7498.0,245.0,6806.63,36,,เทศบาล
1/11/2568,,4286.0,0.0,0,4286.0,0.0,0,199.0,0,4087.0,0.0,4087.0,0,0,0.0,0,0,3890.94,196.06,4087.0,156.0,3553.16,41,,เทศบาล
2/11/2568,,7528.0,0.0,0,7528.0,0.0,0,405.0,0,7123.0,0.0,7123.0,0,0,5.0,0,0,6732.45,385.55,7118.0,237.0,6356.46,34,,เทศบาล
3/11/2568,,6206.0,0.0,0,6206.0,0.0,0,317.0,0,5889.0,0.0,5889.0,0,0,0.0,0,0,5572.41,316.59,5889.0,186.0,5206.22,46,,เทศบาล
4/11/2568,,7194.0,0.0,0,7194.0,0.0,0,307.0,0,6887.0,0.0,6887.0,0,0,0.0,0,0,6498.72,388.28,6887.0,206.0,6039.35,53,,เทศบาล
5/11/2568,,4852.0,0.0,0,4852.0,0.0,0,149.0,0,4703.0,0.0,4703.0,0,0,0.0,0,0,4441.97,261.03,4703.0,177.0,4023.3,29,,เทศบาล
6/11/2568,,7065.0,0.0,0,7065.0,0.0,0,413.0,0,6652.0,0.0,6652.0,0,0,0.0,0,0,6282.94,369.06,6652.0,195.0,5907.99,45,,เทศบาล
7/11/2568,,5465.0,0.0,0,5465.0,0.0,0,275.0,0,5190.0,0.0,5190.0,0,0,0.0,0,0,4928.64,261.36,5190.0,179.0,4566.36,50,,เทศบาล
8/11/2568,,8101.0,0.0,0,8101.0,0.0,0,447.0,0,7654.0,0.0,7654.0,0,0,3.0,0,0,7229.47,421.53,7651.0,223.0,6737.7,46,,เทศบาล
9/11/2568,,5491.0,0.0,0,5491.0,0.0,0,269.0,0,5222.0,0.0,5222.0,0,0,0.0,0,0,4938.67,283.33,5222.0,178.0,4624.19,36,,เทศบาล
10/11/2568,,4916.0,0.0,0,4916.0,0.0,0,164.0,0,4752.0,0.0,4752.0,0,0,0.0,0,0,4497.94,254.06,4752.0,168.0,4020.85,47,,เทศบาล
11/11/2568,,5849.0,0.0,0,5849.0,0.0,0,272.0,0,5577.0,0.0,5577.0,0,0,0.0,0,0,5278.2,298.8,5577.0,188.0,4900.33,48,,เทศบาล
12/11/2568,,7342.0,0.0,0,7342.0,0.0,0,389.0,0,6953.0,0.0,6953.0,0,0,0.0,0,0,6552.78,400.22,6953.0,212.0,6212.79,42,,เทศบาล
13/11/2568,,5032.0,0.0,0,5032.0,0.0,0,175.0,0,4857.0,0.0,4857.0,0,0,0.0,0,0,4593.23,263.77,4857.0,159.0,4134.94,44,,เทศบาล
14/11/2568,,5990.0,0.0,0,5990.0,0.0,0,285.0,0,5705.0,0.0,5705.0,0,0,0.0,0,0,5389.34,315.66,5705.0,186.0,5046.7,40,,เทศบาล
15/11/2568,,6059.0,0.0,0,6059.0,0.0,0,291.0,0,5768.0,0.0,5768.0,0,0,0.0,0,0,5461.32,306.68,5768.0,188.0,5020.75,44,,เทศบาล
16/11/2568,,7261.0,0.0,0,7261.0,0.0,0,366.0,0,6895.0,0.0,6895.0,0,0,0.0,0,0,6513.79,381.21,6895.0,214.0,6064.03,38,,เทศบาล
17/11/2568,,7121.0,0.0,0,7121.0,0.0,0,375.0,0,6746.0,0.0,6746.0,0,0,23.0,0,0,6352.4,370.6,6723.0,189.0,6000.36,46,,เทศบาล
18/11/2568,,3941.0,0.0,0,3941.0,0.0,0,172.0,0,3769.0,0.0,3769.0,0,0,0.0,0,0,3574.04,194.96,3769.0,140.0,3288.28,41,,เทศบาล
19/11/2568,,5242.0,0.0,0,5242.0,0.0,0,257.0,0,4985.0,0.0,4985.0,0,0,0.0,0,0,4716.76,268.24,4985.0,179.0,4384.39,47,,เทศบาล
20/11/2568,,6228.0,0.0,0,6228.0,0.0,0,308.0,0,5920.0,0.0,5920.0,0,0,0.0,0,0,5596.85,323.15,5920.0,190.0,5187.95,40,,เทศบาล
21/11/2568,,5554.0,0.0,0,5554.0,0.0,0,176.0,0,5378.0,0.0,5378.0,0,0,0.0,0,0,5074.58,303.42,5378.0,175.0,4711.25,48,,เทศบาล
22/11/2568,,7836.0,0.0,0,7836.0,0.0,0,360.0,0,7476.0,0.0,7476.0,0,0,0.0,0,0,7053.15,422.85,7476.0,243.0,6533.39,53,,เทศบาล
23/11/2568,,6625.0,0.0,0,6625.0,0.0,0,340.0,0,6285.0,0.0,6285.0,0,0,0.0,0,0,5953.81,331.19,6285.0,197.0,5459.48,47,,เทศบาล
24/11/2568,,9088.0,0.0,0,9088.0,0.0,0,380.0,0,8708.0,0.0,8708.0,0,0,0.0,0,0,8216.49,491.51,8708.0,250.0,7450.84,57,,เทศบาล
25/11/2568,,7924.0,0.0,0,7924.0,0.0,0,380.0,0,7544.0,0.0,7544.0,0,0,3.0,0,0,7111.34,429.66,7541.0,227.0,6733.06,49,,เทศบาล
26/11/2568,,6070.0,0.0,0,6070.0,0.0,0,250.0,0,5820.0,0.0,5820.0,0,0,0.0,0,0,5504.39,315.61,5820.0,202.0,5101.37,47,,เทศบาล
27/11/2568,,6418.0,0.0,0,6418.0,0.0,0,214.0,0,6204.0,0.0,6204.0,0,0,50.0,0,0,5818.79,335.21,6154.0,174.0,5177.27,42,,เทศบาล
28/11/2568,,6622.0,0.0,0,6622.0,0.0,0,251.0,0,6371.0,0.0,6371.0,0,0,0.0,0,0,5988.01,382.99,6371.0,205.0,5484.62,52,,เทศบาล
29/11/2568,,7620.0,0.0,0,7620.0,0.0,0,322.0,0,7298.0,0.0,7298.0,0,0,0.0,0,0,6906.79,391.21,7298.0,237.0,6250.28,58,,เทศบาล
30/11/2568,,9518.0,0.0,0,9518.0,0.0,0,400.0,0,9118.0,0.0,9118.0,0,0,0.0,0,0,8617.72,500.28,9118.0,256.0,7901.0,57,,เทศบาล
1/12/2568,,6130.0,0.0,0,6130.0,0.0,0,280.0,0,5850.0,0.0,5850.0,0,0,0.0,0,0,5542.62,307.38,5850.0,231.0,5065.49,49,,เทศบาล
2/12/2568,,8588.0,0.0,0,8588.0,0.0,0,431.0,0,8157.0,0.0,8157.0,0,0,0.0,0,0,7688.62,468.38,8157.0,226.0,7175.37,49,,เทศบาล
3/12/2568,,9190.0,0.0,0,9190.0,0.0,0,529.0,0,8661.0,0.0,8661.0,0,0,0.0,0,0,8149.36,511.64,8661.0,247.0,7847.6,49,,เทศบาล
4/12/2568,,9501.0,0.0,0,9501.0,0.0,0,552.0,0,8949.0,3.0,8946.0,0,0,0.0,0,0,8448.84,497.16,8946.0,258.0,7973.18,58,,เทศบาล
5/12/2568,,11529.0,0.0,0,11529.0,0.0,0,516.0,0,11013.0,0.0,11013.0,0,0,10.0,0,0,10337.25,665.75,11003.0,287.0,9664.79,58,,เทศบาล
6/12/2568,,9618.0,0.0,0,9618.0,0.0,0,338.0,0,9280.0,0.0,9280.0,0,0,0.0,0,0,8750.1,529.9,9280.0,313.0,8143.39,58,,เทศบาล
7/12/2568,,7976.0,0.0,0,7976.0,0.0,0,345.0,0,7631.0,3.0,7628.0,0,0,0.0,0,0,7205.19,422.81,7628.0,218.0,6597.04,50,,เทศบาล
8/12/2568,,8408.0,0.0,0,8408.0,0.0,0,313.0,0,8095.0,0.0,8095.0,0,0,0.0,0,0,7650.8,444.2,8095.0,284.0,7138.68,58,,เทศบาล
9/12/2568,,7386.0,0.0,0,7386.0,0.0,0,299.0,0,7087.0,0.0,7087.0,0,0,0.0,0,0,6687.47,399.53,7087.0,225.0,6201.82,55,,เทศบาล
10/12/2568,,6574.0,0.0,0,6574.0,0.0,0,113.0,0,6461.0,63.0,6398.0,0,0,100.0,0,0,5954.17,343.83,6298.0,210.0,5532.66,46,,เทศบาล
11/12/2568,,6471.0,0.0,0,6471.0,0.0,0,185.0,0,6286.0,93.0,6193.0,0,0,10.0,0,0,5859.6,323.4,6183.0,232.0,5382.16,51,,เทศบาล
12/12/2568,,8279.0,0.0,0,8279.0,0.0,0,105.0,0,8174.0,78.0,8096.0,0,0,145.0,0,0,7490.92,460.08,7951.0,236.0,7009.21,47,,เทศบาล
13/12/2568,,4737.0,0.0,0,4737.0,0.0,0,136.0,0,4601.0,6.0,4595.0,0,0,13.0,0,0,4313.13,268.87,4582.0,157.0,3967.53,41,,เทศบาล
14/12/2568,,7453.0,0.0,0,7453.0,0.0,0,168.0,0,7285.0,117.0,7168.0,0,0,20.0,0,0,6756.26,391.74,7148.0,266.0,6286.3,47,,เทศบาล
15/12/2568,,7355.0,0.0,0,7355.0,0.0,0,200.0,0,7155.0,51.0,7104.0,0,0,55.0,0,0,6653.43,395.57,7049.0,220.0,5920.56,48,,เทศบาล
16/12/2568,,8167.0,0.0,0,8167.0,0.0,0,155.0,0,8012.0,60.0,7952.0,0,0,40.0,0,0,7450.66,461.34,7912.0,284.0,6741.19,59,,เทศบาล
17/12/2568,,5873.0,0.0,0,5873.0,0.0,0,95.0,0,5778.0,90.0,5688.0,0,0,90.0,0,0,5295.91,302.09,5598.0,167.0,4930.47,50,,เทศบาล
18/12/2568,,8074.0,0.0,0,8074.0,0.0,0,395.0,0,7679.0,12.0,7667.0,0,0,0.0,0,0,7252.07,414.93,7667.0,220.0,6778.51,57,,เทศบาล
19/12/2568,,6245.0,0.0,0,6245.0,0.0,0,130.0,0,6115.0,108.0,6007.0,0,0,10.0,0,0,5666.81,330.19,5997.0,192.0,5076.44,55,,เทศบาล
20/12/2568,,7648.0,0.0,0,7648.0,0.0,0,255.0,0,7393.0,105.0,7288.0,0,0,10.0,0,0,6882.16,395.84,7278.0,225.0,6267.63,53,,เทศบาล
21/12/2568,,8513.0,0.0,0,8513.0,0.0,0,200.0,0,8313.0,99.0,8214.0,0,0,50.0,0,0,7689.75,474.25,8164.0,250.0,7151.08,48,,เทศบาล
22/12/2568,,8710.0,0.0,0,8710.0,0.0,0,285.0,0,8425.0,93.0,8332.0,0,0,0.0,0,0,7845.81,486.19,8332.0,247.0,7162.11,49,,เทศบาล
23/12/2568,,9178.0,0.0,0,9178.0,0.0,0,380.0,0,8798.0,87.0,8711.0,0,0,10.0,0,0,8206.04,494.96,8701.0,253.0,7774.29,57,,เทศบาล
24/12/2568,,7074.0,0.0,0,7074.0,0.0,0,110.0,0,6964.0,105.0,6859.0,0,0,0.0,0,0,6466.21,392.79,6859.0,244.0,5696.0,44,,เทศบาล
25/12/2568,,6075.0,0.0,0,6075.0,0.0,0,292.0,0,5783.0,0.0,5783.0,0,0,3.0,0,0,5484.25,295.75,5780.0,182.0,4956.34,55,,เทศบาล
26/12/2568,,7826.0,0.0,0,7826.0,0.0,0,391.0,0,7435.0,0.0,7435.0,0,0,3.0,0,0,7001.12,430.88,7432.0,199.0,6431.93,48,,เทศบาล
27/12/2568,,7809.0,0.0,0,7809.0,0.0,0,278.0,0,7531.0,0.0,7531.0,0,0,0.0,0,0,7114.87,416.13,7531.0,240.0,6380.34,60,,เทศบาล
28/12/2568,,8427.0,0.0,0,8427.0,0.0,0,325.0,0,8102.0,0.0,8102.0,0,0,0.0,0,0,7633.45,468.55,8102.0,249.0,6594.1,49,,เทศบาล
29/12/2568,,7140.0,0.0,0,7140.0,0.0,0,404.0,0,6736.0,0.0,6736.0,0,0,0.0,0,0,6369.48,366.52,6736.0,199.0,5928.7,46,,เทศบาล
30/12/2568,,6885.0,0.0,0,6885.0,0.0,0,316.0,0,6569.0,0.0,6569.0,0,0,0.0,0,0,6222.67,346.33,6569.0,199.0,5528.33,47,,เทศบาล
31/12/2568,,6876.0,0.0,0,6876.0,0.0,0,323.0,0,6553.0,0.0,6553.0,0,0,13.0,0,0,6152.7,387.3,6540.0,171.0,5748.62,44,,เทศบาล
1/1/2569,,8504.0,0.0,0,8504.0,0.0,0,530.0,0,7974.0,0.0,7974.0,0,0,0.0,0,0,7546.51,427.49,7974.0,220.0,7128.27,47,,เทศบาล
2/1/2569,,5946.0,0.0,0,5946.0,0.0,0,291.0,0,5655.0,0.0,5655.0,0,0,0.0,0,0,5333.79,321.21,5655.0,172.0,5084.38,47,,เทศบาล
3/1/2569,,10973.0,0.0,0,10973.0,0.0,0,450.0,0,10523.0,0.0,10523.0,0,0,0.0,0,0,9912.76,610.24,10523.0,262.0,8765.65,58,,เทศบาล
4/1/2569,,10726.0,0.0,0,10726.0,0.0,0,379.0,0,10347.0,0.0,10347.0,0,0,10.0,0,0,9731.06,605.94,10337.0,272.0,8467.68,52,,เทศบาล
5/1/2569,,10941.0,0.0,0,10941.0,0.0,0,501.0,0,10440.0,0.0,10440.0,0,0,0.0,0,0,9834.52,605.48,10440.0,302.0,8854.12,54,,เทศบาล
6/1/2569,,12293.0,0.0,0,12293.0,0.0,0,669.0,0,11624.0,0.0,11624.0,0,0,0.0,0,0,10926.93,697.07,11624.0,321.0,10264.81,49,,เทศบาล
7/1/2569,,7132.0,0.0,0,7132.0,0.0,0,238.0,0,6894.0,0.0,6894.0,0,0,0.0,0,0,6495.96,398.04,6894.0,206.0,5543.03,54,,เทศบาล
8/1/2569,,10081.0,0.0,0,10081.0,0.0,0,520.0,0,9561.0,0.0,9561.0,0,0,0.0,0,0,9013.87,547.13,9561.0,249.0,8401.42,58,,เทศบาล
9/1/2569,,8583.0,0.0,0,8583.0,0.0,0,375.0,0,8208.0,0.0,8208.0,0,0,0.0,0,0,7751.47,456.53,8208.0,252.0,7161.34,59,,เทศบาล
10/1/2569,,7242.0,0.0,0,7242.0,0.0,0,368.0,0,6874.0,0.0,6874.0,0,0,3.0,0,0,6489.55,381.45,6871.0,202.0,5898.01,44,,เทศบาล
11/1/2569,,7909.0,0.0,0,7909.0,0.0,0,329.0,0,7580.0,0.0,7580.0,0,0,0.0,0,0,7167.19,412.81,7580.0,224.0,6451.9,45,,เทศบาล
12/1/2569,,10678.0,0.0,0,10678.0,0.0,0,580.0,0,10098.0,0.0,10098.0,0,0,0.0,0,0,9521.78,576.22,10098.0,277.0,8858.42,54,,เทศบาล
13/1/2569,,8495.0,0.0,0,8495.0,0.0,0,402.0,0,8093.0,0.0,8093.0,0,0,0.0,0,0,7627.98,465.02,8093.0,209.0,7027.62,52,,เทศบาล
14/1/2569,,7726.0,0.0,0,7726.0,0.0,0,366.0,0,7360.0,0.0,7360.0,0,0,0.0,0,0,6947.38,412.62,7360.0,251.0,6257.42,49,,เทศบาล
15/1/2569,,8980.0,0.0,0,8980.0,0.0,0,409.0,0,8571.0,0.0,8571.0,0,0,0.0,0,0,8092.68,478.32,8571.0,219.0,6924.27,50,,เทศบาล
16/1/2569,,6695.0,0.0,0,6695.0,0.0,0,264.0,0,6431.0,0.0,6431.0,0,0,10.0,0,0,6055.92,365.08,6421.0,191.0,5348.37,45,,เทศบาล
17/1/2569,,7302.0,0.0,0,7302.0,0.0,0,335.0,0,6967.0,0.0,6967.0,0,0,0.0,0,0,6590.24,376.76,6967.0,226.0,5963.74,57,,เทศบาล
18/1/2569,,7537.0,0.0,0,7537.0,0.0,0,369.0,0,7168.0,0.0,7168.0,0,0,10.0,0,0,6758.73,399.27,7158.0,243.0,6286.31,55,,เทศบาล
19/1/2569,,11850.0,0.0,0,11850.0,0.0,0,535.0,0,11315.0,0.0,11315.0,0,0,0.0,0,0,10654.25,660.75,11315.0,304.0,9615.55,62,,เทศบาล
20/1/2569,,7406.0,0.0,0,7406.0,0.0,0,362.0,0,7044.0,0.0,7044.0,0,0,0.0,0,0,6638.1,405.9,7044.0,197.0,6171.57,58,,เทศบาล
21/1/2569,,6439.0,0.0,0,6439.0,0.0,0,315.0,0,6124.0,0.0,6124.0,0,0,23.0,0,0,5769.86,331.14,6101.0,199.0,5550.18,49,,เทศบาล
22/1/2569,,6941.0,0.0,0,6941.0,0.0,0,359.0,0,6582.0,0.0,6582.0,0,0,10.0,0,0,6231.99,340.01,6572.0,194.0,5615.21,45,,เทศบาล
23/1/2569,,6140.0,0.0,0,6140.0,0.0,0,219.0,0,5921.0,0.0,5921.0,0,0,0.0,0,0,5593.46,327.54,5921.0,223.0,5013.8,56,,เทศบาล
24/1/2569,,7689.0,0.0,0,7689.0,0.0,0,447.0,0,7242.0,0.0,7242.0,0,0,0.0,0,0,6862.66,379.34,7242.0,212.0,6373.77,55,,เทศบาล
25/1/2569,,8396.0,0.0,0,8396.0,0.0,0,365.0,0,8031.0,0.0,8031.0,0,0,10.0,0,0,7564.3,456.7,8021.0,271.0,7041.83,58,,เทศบาล
26/1/2569,,10314.0,0.0,3,10311.0,0.0,0,522.0,0,9789.0,0.0,9789.0,0,0,50.0,0,0,9163.72,575.28,9739.0,278.0,8674.66,58,,เทศบาล
27/1/2569,,5668.0,0.0,0,5668.0,0.0,0,291.0,0,5377.0,0.0,5377.0,0,0,0.0,0,0,5093.6,283.4,5377.0,188.0,4627.76,50,,เทศบาล
28/1/2569,,10318.0,0.0,0,10318.0,0.0,0,480.0,0,9838.0,0.0,9838.0,0,0,0.0,0,0,9262.42,575.58,9838.0,266.0,8426.61,52,,เทศบาล
29/1/2569,,6847.0,0.0,0,6847.0,0.0,0,370.0,0,6477.0,0.0,6477.0,0,0,0.0,0,0,6142.55,334.45,6477.0,219.0,5604.15,50,,เทศบาล
30/1/2569,,6449.0,0.0,0,6449.0,0.0,0,357.0,0,6092.0,0.0,6092.0,0,0,0.0,0,0,5772.61,319.39,6092.0,200.0,5269.92,55,,เทศบาล
31/1/2569,,6499.0,0.0,0,6499.0,0.0,0,324.0,0,6175.0,0.0,6175.0,0,0,0.0,0,0,5876.56,298.44,6175.0,174.0,5437.52,48,,เทศบาล
1/2/2569,,7390.0,0.0,0,7390.0,0.0,0,145.0,0,7245.0,0.0,7245.0,0,0,0.0,0,0,6832.45,412.55,7245.0,237.0,6231.2,46,,เทศบาล
2/2/2569,,8144.0,0.0,0,8144.0,0.0,0,255.0,0,7889.0,0.0,7889.0,0,0,0.0,0,0,7437.9,451.1,7889.0,228.0,6808.92,54,,เทศบาล
3/2/2569,,10636.0,0.0,0,10636.0,0.0,0,225.0,0,10411.0,0.0,10411.0,0,0,0.0,0,0,9833.21,577.79,10411.0,296.0,8924.81,75,,เทศบาล
4/2/2569,,6444.0,0.0,0,6444.0,0.0,0,136.0,0,6308.0,0.0,6308.0,0,0,10.0,0,0,5938.28,359.72,6298.0,194.0,5356.42,54,,เทศบาล
5/2/2569,,9217.0,0.0,0,9217.0,0.0,0,260.0,0,8957.0,0.0,8957.0,0,0,0.0,0,0,8467.5,489.5,8957.0,240.0,7473.05,57,,เทศบาล
6/2/2569,,5956.0,0.0,0,5956.0,0.0,0,145.0,0,5811.0,0.0,5811.0,0,0,50.0,0,0,5454.22,306.78,5761.0,177.0,4946.0,53,,เทศบาล
7/2/2569,,7448.0,0.0,0,7448.0,0.0,0,225.0,0,7223.0,0.0,7223.0,0,0,0.0,0,0,6832.86,390.14,7223.0,185.0,6158.68,54,,เทศบาล
8/2/2569,,7916.0,0.0,0,7916.0,0.0,0,155.0,0,7761.0,0.0,7761.0,0,0,0.0,0,0,7346.71,414.29,7761.0,240.0,6606.72,39,,เทศบาล
9/2/2569,,11244.0,0.0,0,11244.0,0.0,0,375.0,0,10869.0,0.0,10869.0,0,0,0.0,0,0,10239.1,629.9,10869.0,274.0,9150.23,52,,เทศบาล
10/2/2569,,7455.0,0.0,0,7455.0,0.0,0,145.0,0,7310.0,0.0,7310.0,0,0,50.0,0,0,6856.97,403.03,7260.0,234.0,6185.51,61,,เทศบาล
11/2/2569,,6970.0,0.0,0,6970.0,0.0,0,165.0,0,6805.0,0.0,6805.0,0,0,0.0,0,0,6438.71,366.29,6805.0,202.0,5763.09,50,,เทศบาล
12/2/2569,,9010.0,0.0,0,9010.0,0.0,0,240.0,0,8770.0,0.0,8770.0,0,0,0.0,0,0,8285.39,484.61,8770.0,234.0,7414.53,61,,เทศบาล
13/2/2569,,7644.0,0.0,0,7644.0,0.0,0,185.0,0,7459.0,0.0,7459.0,0,0,0.0,0,0,7054.1,404.9,7459.0,214.0,6237.55,44,,เทศบาล
14/2/2569,,8523.0,0.0,344,8179.0,0.0,0,95.0,0,8084.0,0.0,8084.0,0,0,0.0,0,0,7622.17,461.83,8084.0,245.0,7212.99,50,,เทศบาล
15/2/2569,,11270.0,0.0,701,10569.0,0.0,0,60.0,0,10509.0,0.0,10509.0,0,0,0.0,0,0,9922.89,586.11,10509.0,380.0,9254.01,50,,เทศบาล
16/2/2569,,8344.0,0.0,377,7967.0,0.0,0,143.0,0,7824.0,0.0,7824.0,0,0,50.0,0,0,7363.53,410.47,7774.0,249.0,6833.8,46,,เทศบาล
17/2/2569,,10020.0,0.0,618,9402.0,0.0,0,70.0,0,9332.0,0.0,9332.0,0,0,0.0,0,0,8790.81,541.19,9332.0,303.0,8495.99,56,,เทศบาล
18/2/2569,,15221.0,0.0,745,14476.0,0.0,0,59.0,0,14417.0,0.0,14417.0,0,0,740.0,0,0,12913.64,763.36,13677.0,436.0,12926.6,59,,เทศบาล
19/2/2569,,11487.0,0.0,656,10831.0,0.0,0,60.0,0,10771.0,0.0,10771.0,0,0,352.0,0,0,9828.95,590.05,10419.0,353.0,9600.64,59,,เทศบาล
20/2/2569,,13105.0,0.0,0,13105.0,0.0,0,330.0,0,12775.0,0.0,12775.0,0,0,740.0,0,0,11413.3,621.7,12035.0,349.0,10738.72,60,,เทศบาล
21/2/2569,,14193.0,0.0,0,14193.0,0.0,0,195.0,0,13998.0,0.0,13998.0,0,0,652.0,0,0,12543.56,802.44,13346.0,339.0,11631.19,64,,เทศบาล
22/2/2569,,12303.0,0.0,0,12303.0,0.0,0,305.0,0,11998.0,0.0,11998.0,0,0,544.0,0,0,10792.06,661.94,11454.0,410.0,10342.42,51,,เทศบาล
23/2/2569,,7380.0,0.0,0,7380.0,0.0,0,160.0,0,7220.0,0.0,7220.0,0,0,10.0,0,0,6823.02,386.98,7210.0,242.0,6080.34,63,,เทศบาล
24/2/2569,,9755.0,0.0,0,9755.0,0.0,0,145.0,0,9610.0,0.0,9610.0,0,0,138.0,0,0,8933.08,538.92,9472.0,258.0,7883.73,52,,เทศบาล
25/2/2569,,8544.0,0.0,0,8544.0,0.0,0,260.0,0,8284.0,0.0,8284.0,0,0,188.0,0,0,7631.95,464.05,8096.0,231.0,7096.84,54,,เทศบาล
26/2/2569,,7837.0,0.0,0,7837.0,0.0,0,220.0,0,7617.0,0.0,7617.0,0,0,276.0,0,0,6955.95,385.05,7341.0,211.0,6524.04,49,,เทศบาล
27/2/2569,,9128.0,0.0,0,9128.0,0.0,0,255.0,0,8873.0,0.0,8873.0,0,0,188.0,0,0,8183.78,501.22,8685.0,252.0,7778.32,56,,เทศบาล
28/2/2569,,8958.0,0.0,0,8958.0,0.0,0,160.0,0,8798.0,0.0,8798.0,0,0,288.0,0,0,8002.9,507.1,8510.0,290.0,7570.08,54,,เทศบาล
1/3/2569,,11012.0,0.0,0,11012.0,0.0,0,332.0,0,10680.0,0.0,10680.0,0,0,50.0,0,0,10026.98,603.02,10630.0,306.0,9051.05,57,,เทศบาล
2/3/2569,,10124.0,0.0,0,10124.0,0.0,0,260.0,0,9864.0,0.0,9864.0,0,0,0.0,0,0,9293.38,570.62,9864.0,222.0,8092.07,41,,เทศบาล
3/3/2569,,8205.0,0.0,0,8205.0,0.0,0,225.0,0,7980.0,0.0,7980.0,0,0,0.0,0,0,7534.83,445.17,7980.0,227.0,6863.58,49,,เทศบาล
4/3/2569,,6361.0,0.0,4,6357.0,0.0,0,205.0,0,6152.0,0.0,6152.0,0,0,100.0,0,0,5712.32,339.68,6052.0,185.0,5373.54,44,,เทศบาล
5/3/2569,,11803.0,0.0,40,11763.0,0.0,0,210.0,0,11553.0,0.0,11553.0,0,0,0.0,0,0,10869.69,683.31,11553.0,394.0,9691.18,70,,เทศบาล
6/3/2569,,7773.0,0.0,0,7773.0,0.0,0,190.0,0,7583.0,0.0,7583.0,0,0,50.0,0,0,7140.95,392.05,7533.0,221.0,6462.03,59,,เทศบาล
7/3/2569,,6574.0,0.0,0,6574.0,0.0,0,115.0,0,6459.0,0.0,6459.0,0,0,0.0,0,0,6119.91,339.09,6459.0,199.0,5454.9,41,,เทศบาล
8/3/2569,,9953.0,0.0,28,9925.0,0.0,0,200.0,0,9725.0,0.0,9725.0,0,0,0.0,0,0,9157.73,567.27,9725.0,268.0,8110.08,47,,เทศบาล
9/3/2569,,9394.0,0.0,12,9382.0,0.0,0,395.0,0,8987.0,0.0,8987.0,0,0,50.0,0,0,8414.89,522.11,8937.0,227.0,8017.2,47,,เทศบาล
10/3/2569,,7026.0,0.0,39,6987.0,0.0,0,175.0,0,6812.0,0.0,6812.0,0,0,0.0,0,0,6413.19,398.81,6812.0,221.0,5929.86,49,,เทศบาล
11/3/2569,,6047.0,0.0,8,6039.0,0.0,0,165.0,0,5874.0,0.0,5874.0,0,0,50.0,0,0,5493.4,330.6,5824.0,180.0,5059.97,48,,เทศบาล
12/3/2569,,8731.0,0.0,44,8687.0,0.0,0,155.0,0,8532.0,0.0,8532.0,0,0,100.0,0,0,7938.85,493.15,8432.0,268.0,7300.13,49,,เทศบาล
13/3/2569,,8626.0,0.0,32,8594.0,0.0,0,160.0,0,8434.0,0.0,8434.0,0,0,0.0,0,0,7972.59,461.41,8434.0,224.0,6854.87,50,,เทศบาล
14/3/2569,,9827.0,0.0,20,9807.0,0.0,0,225.0,0,9582.0,0.0,9582.0,0,0,0.0,0,0,9028.49,553.51,9582.0,280.0,8033.28,58,,เทศบาล
15/3/2569,,8388.0,0.0,20,8368.0,0.0,0,170.0,0,8198.0,0.0,8198.0,0,0,100.0,0,0,7612.53,485.47,8098.0,241.0,7045.79,49,,เทศบาล
16/3/2569,,7519.0,0.0,8,7511.0,0.0,0,220.0,0,7291.0,0.0,7291.0,0,0,0.0,0,0,6861.24,429.76,7291.0,200.0,6290.88,48,,เทศบาล
17/3/2569,,10574.0,0.0,77,10497.0,0.0,0,175.0,0,10322.0,0.0,10322.0,0,0,20.0,0,0,9695.81,606.19,10302.0,287.0,8678.41,59,,เทศบาล
18/3/2569,,7829.0,0.0,12,7817.0,0.0,0,205.0,0,7612.0,0.0,7612.0,0,0,50.0,0,0,7126.85,435.15,7562.0,237.0,6626.54,51,,เทศบาล
19/3/2569,,6462.0,0.0,38,6424.0,0.0,0,80.0,0,6344.0,0.0,6344.0,0,0,50.0,0,0,5950.13,343.87,6294.0,209.0,5320.36,46,,เทศบาล
20/3/2569,,9729.0,0.0,40,9689.0,0.0,0,140.0,0,9549.0,700.0,8849.0,0,0,0.0,0,0,8331.36,517.64,8849.0,290.0,8055.72,51,,เทศบาล
21/3/2569,,7476.0,0.0,21,7455.0,0.0,0,90.0,0,7365.0,400.0,6965.0,0,0,50.0,0,0,6525.26,389.74,6915.0,245.0,6262.39,58,,เทศบาล
22/3/2569,,11296.0,0.0,59,11237.0,0.0,0,205.0,0,11032.0,100.0,10932.0,0,0,0.0,0,0,10311.61,620.39,10932.0,327.0,9420.86,53,,เทศบาล
23/3/2569,,8681.0,0.0,75,8606.0,0.0,0,175.0,0,8431.0,0.0,8431.0,0,0,0.0,0,0,7934.38,496.62,8431.0,241.0,7369.27,48,,เทศบาล
24/3/2569,,7643.0,0.0,50,7593.0,0.0,0,145.0,0,7448.0,0.0,7448.0,0,0,10.0,0,0,7004.63,433.37,7438.0,230.0,6249.73,48,,เทศบาล
25/3/2569,,7635.0,0.0,28,7607.0,0.0,0,160.0,0,7447.0,0.0,7447.0,0,0,0.0,0,0,7019.98,427.02,7447.0,228.0,6396.08,48,,เทศบาล
26/3/2569,,9118.0,0.0,74,9044.0,0.0,0,150.0,0,8894.0,50.0,8844.0,0,0,0.0,0,0,8330.34,513.66,8844.0,272.0,7751.09,58,,เทศบาล
27/3/2569,,8342.0,0.0,8,8334.0,0.0,0,140.0,0,8194.0,50.0,8144.0,0,0,0.0,0,0,7681.88,462.12,8144.0,240.0,6899.91,62,,เทศบาล
28/3/2569,,7882.0,0.0,43,7839.0,0.0,0,155.0,0,7684.0,50.0,7634.0,0,0,0.0,0,0,7207.07,426.93,7634.0,212.0,6434.29,53,,เทศบาล
29/3/2569,,9027.0,0.0,64,8963.0,0.0,0,125.0,0,8838.0,0.0,8838.0,0,0,0.0,0,0,8320.52,517.48,8838.0,282.0,7434.33,38,,เทศบาล
30/3/2569,,10076.0,0.0,56,10020.0,0.0,0,320.0,0,9700.0,0.0,9700.0,0,0,60.0,0,0,9077.16,562.84,9640.0,270.0,8528.74,56,,เทศบาล
31/3/2569,,8674.0,0.0,40,8634.0,0.0,0,185.0,0,8449.0,0.0,8449.0,0,0,100.0,0,0,7877.59,471.41,8349.0,251.0,7181.67,56,,เทศบาล
1/4/2569,,7749.0,0.0,4,7745.0,0.0,0,135.0,0,7610.0,200.0,7410.0,0,0,50.0,0,0,6932.94,427.06,7360.0,236.0,6292.37,56,,เทศบาล
2/4/2569,,11581.0,0.0,9,11572.0,0.0,0,320.0,0,11252.0,0.0,11252.0,0,0,10.0,0,0,10553.34,688.66,11242.0,310.0,9794.51,53,,เทศบาล
3/4/2569,,10644.0,0.0,45,10599.0,0.0,0,280.0,0,10319.0,200.0,10119.0,0,0,50.0,0,0,9519.36,549.64,10069.0,311.0,8967.08,57,,เทศบาล
4/4/2569,,7753.0,0.0,6,7747.0,0.0,0,150.0,0,7597.0,0.0,7597.0,0,0,10.0,0,0,7171.71,415.29,7587.0,227.0,6342.29,57,,เทศบาล
5/4/2569,,9018.0,0.0,8,9010.0,0.0,0,195.0,0,8815.0,200.0,8615.0,0,0,10.0,0,0,8103.34,501.66,8605.0,273.0,7581.07,55,,เทศบาล
6/4/2569,,10062.0,0.0,44,10018.0,0.0,0,345.0,0,9673.0,0.0,9673.0,0,0,0.0,0,0,9076.43,596.57,9673.0,254.0,8707.95,47,,เทศบาล
7/4/2569,,8761.0,0.0,16,8745.0,0.0,0,140.0,0,8605.0,100.0,8505.0,0,0,0.0,0,0,8021.02,483.98,8505.0,248.0,7133.88,58,,เทศบาล
8/4/2569,,6226.0,0.0,12,6214.0,0.0,0,98.0,0,6116.0,250.0,5866.0,0,0,0.0,0,0,5531.18,334.82,5866.0,173.0,5175.3,44,,เทศบาล
9/4/2569,,11738.0,0.0,8,11730.0,0.0,0,290.0,0,11440.0,100.0,11340.0,0,0,0.0,0,0,10672.05,667.95,11340.0,301.0,9720.37,53,,เทศบาล
10/4/2569,,8108.0,0.0,23,8085.0,0.0,0,300.0,0,7785.0,100.0,7685.0,0,0,100.0,0,0,7123.67,461.33,7585.0,224.0,6945.47,54,,เทศบาล
11/4/2569,,8785.0,0.0,8,8777.0,0.0,0,245.0,0,8532.0,0.0,8532.0,0,0,50.0,0,0,8015.77,466.23,8482.0,232.0,7223.15,53,,เทศบาล
12/4/2569,,12625.0,0.0,128,12497.0,0.0,0,360.0,0,12137.0,0.0,12137.0,0,0,100.0,0,0,11342.07,694.93,12037.0,363.0,10577.47,57,,เทศบาล
13/4/2569,,8665.0,0.0,5,8660.0,0.0,0,235.0,0,8425.0,200.0,8225.0,0,0,50.0,0,0,7726.14,448.86,8175.0,252.0,7340.67,52,,เทศบาล
14/4/2569,,15784.0,0.0,37,15747.0,0.0,0,650.0,0,15097.0,50.0,15047.0,0,0,0.0,0,0,14174.39,872.61,15047.0,389.0,13254.73,58,,เทศบาล
15/4/2569,,13406.0,0.0,35,13371.0,0.0,0,290.0,0,13081.0,100.0,12981.0,0,0,50.0,0,0,12213.97,717.03,12931.0,386.0,11128.65,70,,เทศบาล
16/4/2569,,8603.0,0.0,37,8566.0,0.0,0,200.0,0,8366.0,200.0,8166.0,0,0,0.0,0,0,7678.16,487.84,8166.0,224.0,7210.75,45,,เทศบาล
17/4/2569,,9525.0,0.0,20,9505.0,0.0,0,135.0,0,9370.0,200.0,9170.0,0,0,100.0,0,0,8527.6,542.4,9070.0,286.0,8113.28,53,,เทศบาล
18/4/2569,,8897.0,0.0,10,8887.0,0.0,0,275.0,0,8612.0,50.0,8562.0,0,0,50.0,0,0,8029.56,482.44,8512.0,223.0,7341.05,50,,เทศบาล
19/4/2569,,10707.0,0.0,5,10702.0,0.0,0,353.0,0,10349.0,200.0,10149.0,0,0,11.0,0,0,9519.74,618.26,10138.0,281.0,8916.49,59,,เทศบาล
20/4/2569,,10927.0,0.0,26,10901.0,0.0,0,320.0,0,10581.0,50.0,10531.0,0,0,150.0,0,0,9750.38,630.62,10381.0,265.0,9108.61,55,,เทศบาล
21/4/2569,,9340.0,0.0,54,9286.0,0.0,0,115.0,0,9171.0,150.0,9021.0,0,0,0.0,0,0,8501.82,519.18,9021.0,284.0,7539.31,66,,เทศบาล
22/4/2569,,8430.0,0.0,11,8419.0,0.0,0,130.0,0,8289.0,100.0,8189.0,0,0,0.0,0,0,7721.67,467.33,8189.0,263.0,6837.08,56,,เทศบาล
23/4/2569,,11101.0,0.0,23,11078.0,0.0,0,195.0,0,10883.0,150.0,10733.0,0,0,0.0,0,0,10085.14,647.86,10733.0,251.0,8636.48,53,,เทศบาล
24/4/2569,,7820.0,0.0,61,7759.0,0.0,0,120.0,0,7639.0,100.0,7539.0,0,0,100.0,0,0,7001.83,437.17,7439.0,207.0,6332.04,59,,เทศบาล
25/4/2569,,6806.0,0.0,0,6806.0,0.0,0,80.0,0,6726.0,600.0,6126.0,0,0,0.0,0,0,5752.17,373.83,6126.0,173.0,5439.4,43,,เทศบาล
26/4/2569,,8172.0,0.0,36,8136.0,0.0,0,130.0,0,8006.0,50.0,7956.0,0,0,50.0,0,0,7482.92,423.08,7906.0,249.0,6746.63,51,,เทศบาล
27/4/2569,,7982.0,0.0,65,7917.0,0.0,0,200.0,0,7717.0,200.0,7517.0,0,0,0.0,0,0,7087.78,429.22,7517.0,213.0,6620.58,44,,เทศบาล
28/4/2569,,9947.0,0.0,19,9928.0,0.0,0,150.0,0,9778.0,100.0,9678.0,0,0,0.0,0,0,9099.2,578.8,9678.0,279.0,8062.42,61,,เทศบาล
29/4/2569,,8848.0,0.0,21,8827.0,0.0,0,175.0,0,8652.0,50.0,8602.0,0,0,105.0,0,0,8003.49,493.51,8497.0,247.0,7139.66,53,,เทศบาล
30/4/2569,,8418.0,0.0,35,8383.0,0.0,0,186.0,0,8197.0,100.0,8097.0,0,0,150.0,0,0,7499.35,447.65,7947.0,243.0,7041.91,63,,เทศบาล
1/5/2569,,8093.0,0.0,7,8086.0,0.0,0,110.0,0,7976.0,50.0,7926.0,0,0,0.0,0,0,7451.0,475.0,7926.0,228.0,6539.42,50,,เทศบาล
2/5/2569,,6284.0,0.0,10,6274.0,0.0,0,75.0,0,6199.0,0.0,6199.0,0,0,0.0,0,0,5850.42,348.58,6199.0,192.0,5178.95,53,,เทศบาล
3/5/2569,,7063.0,0.0,3,7060.0,0.0,0,136.0,0,6924.0,0.0,6924.0,0,0,0.0,0,0,6541.37,382.63,6924.0,221.0,5815.1,45,,เทศบาล
4/5/2569,,10556.0,0.0,4,10552.0,0.0,0,230.0,0,10322.0,100.0,10222.0,0,0,0.0,0,0,9601.09,620.91,10222.0,237.0,8496.76,54,,เทศบาล
5/5/2569,,7973.0,0.0,17,7956.0,0.0,0,230.0,0,7726.0,250.0,7476.0,0,0,0.0,0,0,7059.32,416.68,7476.0,211.0,6630.23,57,,เทศบาล
6/5/2569,,9783.0,0.0,20,9763.0,0.0,0,265.0,0,9498.0,200.0,9298.0,0,0,0.0,0,0,8739.42,558.58,9298.0,275.0,8046.41,57,,เทศบาล
7/5/2569,,10727.0,0.0,28,10699.0,0.0,0,335.0,0,10364.0,100.0,10264.0,0,0,0.0,0,0,9653.85,610.15,10264.0,305.0,9035.04,49,,เทศบาล
8/5/2569,,10229.0,0.0,12,10217.0,0.0,0,270.0,0,9947.0,400.0,9547.0,0,0,0.0,0,0,8994.96,552.04,9547.0,287.0,8457.6,58,,เทศบาล
9/5/2569,,7920.0,0.0,35,7885.0,0.0,0,175.0,0,7710.0,400.0,7310.0,0,0,0.0,0,0,6932.21,377.79,7310.0,230.0,6604.97,58,,เทศบาล
10/5/2569,,10983.0,0.0,39,10944.0,0.0,0,180.0,0,10764.0,300.0,10464.0,0,0,0.0,0,0,9854.31,609.69,10464.0,309.0,9065.22,56,,เทศบาล
11/5/2569,,7631.0,0.0,14,7617.0,0.0,0,135.0,0,7482.0,450.0,7032.0,0,0,0.0,0,0,6635.8,396.2,7032.0,230.0,6196.15,58,,เทศบาล
12/5/2569,,6265.0,0.0,10,6255.0,0.0,0,105.0,0,6150.0,150.0,6000.0,0,0,0.0,0,0,5648.37,351.63,6000.0,173.0,5136.41,50,,เทศบาล
13/5/2569,,8485.0,0.0,0,8485.0,0.0,0,200.0,0,8285.0,50.0,8235.0,0,0,0.0,0,0,7734.29,500.71,8235.0,240.0,7168.22,59,,เทศบาล
14/5/2569,,8823.0,0.0,10,8813.0,0.0,0,265.0,0,8548.0,50.0,8498.0,0,0,0.0,0,0,7989.34,508.66,8498.0,247.0,7374.81,58,,เทศบาล
15/5/2569,,7314.0,0.0,16,7298.0,0.0,0,220.0,0,7078.0,50.0,7028.0,0,0,0.0,0,0,6602.23,425.77,7028.0,235.0,6032.4,53,,เทศบาล
16/5/2569,,7675.5,0.0,17,7658.5,0.0,0,160.0,0,7498.5,150.0,7348.5,0,0,0.0,0,0,6930.43,418.07,7348.5,221.0,6253.24,52,,เทศบาล
17/5/2569,,9554.0,0.0,7,9547.0,0.0,0,481.0,0,9066.0,250.0,8816.0,0,0,0.0,0,0,8296.71,519.29,8816.0,268.0,8137.96,47,,เทศบาล
18/5/2569,,9505.5,0.0,17,9488.5,0.0,0,195.0,0,9293.5,150.0,9143.5,0,0,0.0,0,0,8610.08,533.42,9143.5,269.0,8061.72,52,,เทศบาล
19/5/2569,,7620.0,0.0,17,7603.0,0.0,0,175.0,0,7428.0,200.0,7228.0,0,0,0.0,0,0,6787.87,440.13,7228.0,263.0,6343.42,48,,เทศบาล
20/5/2569,,7179.5,0.0,14,7165.5,0.0,0,125.0,0,7040.5,50.0,6990.5,0,0,20.0,0,0,6561.58,408.92,6970.5,207.0,5891.47,57,,เทศบาล
21/5/2569,,6915.0,0.0,9,6906.0,0.0,0,150.0,0,6756.0,0.0,6756.0,0,0,0.0,0,0,6373.88,382.12,6756.0,206.0,5733.04,50,,เทศบาล
22/5/2569,,6666.5,0.0,10,6656.5,0.0,0,125.0,0,6531.5,50.0,6481.5,0,0,0.0,0,0,6100.43,381.07,6481.5,223.0,5606.51,60,,เทศบาล
23/5/2569,,5535.0,0.0,13,5522.0,0.0,0,100.0,0,5422.0,200.0,5222.0,0,0,0.0,0,0,4902.09,319.91,5222.0,167.0,4555.67,45,,เทศบาล
24/5/2569,,8536.0,0.0,14,8522.0,0.0,0,230.0,0,8292.0,200.0,8092.0,0,0,0.0,0,0,7616.77,475.23,8092.0,270.0,7034.55,53,,เทศบาล
25/5/2569,,8799.0,0.0,11,8788.0,0.0,0,200.0,0,8588.0,150.0,8438.0,0,0,0.0,0,0,7929.13,508.87,8438.0,254.0,7302.53,49,,เทศบาล
26/5/2569,,7755.5,0.0,12,7743.5,0.0,0,105.0,0,7638.5,150.0,7488.5,0,0,0.0,0,0,7039.65,448.85,7488.5,260.0,6431.6,59,,เทศบาล
27/5/2569,,6994.5,0.0,7,6987.5,0.0,0,125.0,0,6862.5,100.0,6762.5,0,0,0.0,0,0,6370.57,391.93,6762.5,222.0,5841.75,44,,เทศบาล
28/5/2569,,8007.0,0.0,9,7998.0,0.0,0,155.0,0,7843.0,100.0,7743.0,0,0,0.0,0,0,7288.0,455.0,7743.0,267.0,6587.1,71,,เทศบาล
29/5/2569,,9102.0,0.0,3,9099.0,0.0,0,225.0,0,8874.0,0.0,8874.0,0,0,0.0,0,0,8347.2,526.8,8874.0,249.0,7633.15,70,,เทศบาล
30/5/2569,,5578.0,0.0,17,5561.0,0.0,0,235.0,0,5326.0,100.0,5226.0,0,0,0.0,0,0,4916.59,309.41,5226.0,177.0,4683.28,39,,เทศบาล
31/5/2569,,6839.5,0.0,21,6818.5,0.0,0,115.0,0,6703.5,300.0,6403.5,0,0,0.0,0,0,6045.99,357.51,6403.5,227.0,5654.71,54,,เทศบาล
1/6/2569,,7928.0,0.0,43,7885.0,0.0,0,175.0,0,7710.0,0.0,7710.0,0,0,0.0,0,0,7292.19,417.81,7710.0,222.0,6563.91,55,,เทศบาล
2/6/2569,,7893.0,0.0,17,7876.0,0.0,0,115.0,0,7761.0,0.0,7761.0,0,0,10.0,0,0,7297.68,453.32,7751.0,235.0,6591.99,58,,เทศบาล
3/6/2569,,9297.5,0.0,31,9266.5,0.0,0,270.0,0,8996.5,200.0,8796.5,0,0,0.0,0,0,8266.7,529.8,8796.5,274.0,7784.41,62,,เทศบาล
4/6/2569,,8956.0,0.0,43,8913.0,0.0,0,135.0,0,8778.0,200.0,8578.0,0,0,0.0,0,0,8088.41,489.59,8578.0,291.0,7341.85,56,,เทศบาล
5/6/2569,,6796.0,0.0,19,6777.0,0.0,0,210.0,0,6567.0,50.0,6517.0,0,0,0.0,0,0,6136.74,380.26,6517.0,226.0,5653.47,50,,เทศบาล
6/6/2569,,8639.0,0.0,40,8599.0,0.0,0,200.0,0,8399.0,200.0,8199.0,0,0,0.0,0,0,7712.18,486.82,8199.0,274.0,7161.48,63,,เทศบาล
7/6/2569,,6292.0,0.0,49,6243.0,0.0,0,120.0,0,6123.0,0.0,6123.0,0,0,0.0,0,0,5780.66,342.34,6123.0,188.0,5091.29,48,,เทศบาล
8/6/2569,,7649.0,0.0,26,7623.0,0.0,0,190.0,0,7433.0,150.0,7283.0,0,0,0.0,0,0,6839.72,443.28,7283.0,253.0,6355.53,62,,เทศบาล
9/6/2569,,8440.0,0.0,42,8398.0,0.0,0,140.0,0,8258.0,300.0,7958.0,0,0,0.0,0,0,7502.48,455.52,7958.0,278.0,7045.2,54,,เทศบาล
10/6/2569,,7253.0,0.0,24,7229.0,0.0,0,195.0,0,7034.0,100.0,6934.0,0,0,0.0,0,0,6516.04,417.96,6934.0,239.0,5928.0,52,,เทศบาล
11/6/2569,,9105.0,0.0,56,9049.0,0.0,0,115.0,0,8934.0,220.0,8714.0,0,0,0.0,0,0,8240.55,473.45,8714.0,271.0,7464.34,57,,เทศบาล
12/6/2569,,9655.0,0.0,25,9630.0,0.0,0,110.0,0,9520.0,100.0,9420.0,0,0,0.0,0,0,8871.33,548.67,9420.0,246.0,7683.1,48,,เทศบาล
13/6/2569,,8399.0,0.0,36,8363.0,0.0,0,155.0,0,8208.0,150.0,8058.0,0,0,0.0,0,0,7624.13,433.87,8058.0,276.0,6703.77,70,,เทศบาล
14/6/2569,,9237.0,0.0,9,9228.0,0.0,0,115.0,0,9113.0,50.0,9063.0,0,0,0.0,0,0,8558.15,504.85,9063.0,279.0,7742.17,56,,เทศบาล
15/6/2569,,10334.0,0.0,22,10312.0,0.0,0,145.0,0,10167.0,150.0,10017.0,0,0,5.0,0,0,9445.73,566.27,10012.0,291.0,8314.51,66,,เทศบาล
16/6/2569,,8410.0,0.0,31,8379.0,0.0,0,170.0,0,8209.0,200.0,8009.0,0,0,6.0,0,0,7551.65,451.35,8003.0,259.0,6897.51,66,,เทศบาล
17/6/2569,,8461.0,0.0,26,8435.0,0.0,0,219.0,0,8216.0,100.0,8116.0,0,0,10.0,0,0,7633.35,472.65,8106.0,257.0,6995.23,65,,เทศบาล
18/6/2569,,8792.0,0.0,48,8744.0,0.0,0,175.0,0,8569.0,150.0,8419.0,0,0,0.0,0,0,7946.42,472.58,8419.0,223.0,7164.65,54,,เทศบาล
19/6/2569,,9285.0,0.0,34,9251.0,0.0,0,145.0,0,9106.0,150.0,8956.0,0,0,0.0,0,0,8457.8,498.2,8956.0,280.0,7531.13,57,,เทศบาล
20/6/2569,,9086.0,0.0,73,9013.0,0.0,0,220.0,0,8793.0,150.0,8643.0,0,0,0.0,0,0,8152.88,490.12,8643.0,243.0,7483.32,60,,เทศบาล
21/6/2569,,10942.0,0.0,21,10921.0,0.0,0,165.0,0,10756.0,100.0,10656.0,0,0,0.0,0,0,10075.52,580.48,10656.0,312.0,9024.3,55,,เทศบาล
22/6/2569,,9923.0,0.0,63,9860.0,0.0,0,175.0,0,9685.0,300.0,9385.0,0,0,25.0,0,0,8793.45,566.55,9360.0,285.0,8309.61,64,,เทศบาล
23/6/2569,,9239.0,0.0,23,9216.0,0.0,0,195.0,0,9021.0,250.0,8771.0,0,0,0.0,0,0,8270.83,500.17,8771.0,227.0,7665.54,56,,เทศบาล
24/6/2569,,8202.0,0.0,46,8156.0,0.0,0,125.0,0,8031.0,150.0,7881.0,0,0,0.0,0,0,7438.26,442.74,7881.0,259.0,6763.74,57,,เทศบาล
25/6/2569,,8458.0,0.0,31,8427.0,0.0,0,140.0,0,8287.0,150.0,8137.0,0,0,0.0,0,0,7690.65,446.35,8137.0,250.0,6991.48,61,,เทศบาล
26/6/2569,,10636.0,0.0,45,10591.0,0.0,0,245.0,0,10346.0,50.0,10296.0,0,0,0.0,0,0,9708.57,587.43,10296.0,295.0,8920.43,59,,เทศบาล
27/6/2569,,11650.0,0.0,88,11562.0,0.0,0,370.0,0,11192.0,300.0,10892.0,0,0,0.0,0,0,10279.88,612.12,10892.0,312.0,9741.92,67,,เทศบาล
28/6/2569,,11952.0,0.0,45,11907.0,0.0,0,155.0,0,11752.0,100.0,11652.0,0,0,100.0,0,0,10903.67,648.33,11552.0,344.0,9845.19,64,,เทศบาล
29/6/2569,,12730.0,0.0,26,12704.0,0.0,0,150.0,0,12554.0,100.0,12454.0,0,0,0.0,0,0,11735.39,718.61,12454.0,352.0,10424.59,73,,เทศบาล
30/6/2569,,11439.5,0.0,121,11318.5,0.0,0,155.0,0,11163.5,450.0,10713.5,0,0,0.0,0,0,10094.33,619.17,10713.5,414.0,9342.64,77,,เทศบาล
1/7/2569,,7803.5,0.0,0,7803.5,0.0,0,120.0,0,7683.5,123.0,7560.5,0,0,6.0,0,0,7154.45,400.05,7554.5,278.0,6472.46,57,,เทศบาล
2/7/2569,,10216.0,0.0,0,10216.0,0.0,0,220.0,0,9996.0,132.0,9864.0,0,0,0.0,0,0,9325.5,538.5,9864.0,294.0,8379.46,70,,เทศบาล
3/7/2569,,10084.5,0.0,0,10084.5,0.0,0,232.0,0,9852.5,0.0,9852.5,0,0,12.0,0,0,9298.62,541.88,9840.5,299.0,8268.94,77,,เทศบาล
4/7/2569,,10248.0,0.0,0,10248.0,0.0,0,190.0,0,10058.0,10.0,10048.0,0,0,0.0,0,0,9485.43,562.57,10048.0,303.0,8368.88,63,,เทศบาล
5/7/2569,,12825.0,0.0,0,12825.0,0.0,0,255.0,0,12570.0,420.0,12150.0,0,0,0.0,0,0,11493.81,656.19,12150.0,352.0,10538.25,68,,เทศบาล
6/7/2569,,11128.0,0.0,0,11128.0,0.0,0,321.0,0,10807.0,159.0,10648.0,0,0,0.0,0,0,10027.45,620.55,10648.0,338.0,9121.77,64,,เทศบาล
7/7/2569,,12517.0,0.0,0,12517.0,0.0,0,230.0,0,12287.0,155.0,12132.0,0,0,0.0,0,0,11387.0,745.0,12132.0,380.0,10174.71,64,,เทศบาล
8/7/2569,,11452.0,0.0,0,11452.0,0.0,0,210.0,0,11242.0,514.0,10728.0,0,0,0.0,0,0,10133.22,594.78,10728.0,333.0,9376.79,63,,เทศบาล
9/7/2569,,9369.0,0.0,0,9369.0,0.0,0,175.0,0,9194.0,72.0,9122.0,0,0,0.0,0,0,8613.07,508.93,9122.0,272.0,7506.02,53,,เทศบาล
10/7/2569,,9931.0,0.0,0,9931.0,0.0,0,140.0,0,9791.0,160.0,9631.0,0,0,0.0,0,0,9095.18,535.82,9631.0,327.0,8122.08,73,,เทศบาล
11/7/2569,,10343.0,0.0,0,10343.0,0.0,0,240.0,0,10103.0,320.0,9783.0,0,0,0.0,0,0,9230.93,552.07,9783.0,315.0,8486.09,61,,เทศบาล
12/7/2569,,11476.0,0.0,0,11476.0,0.0,0,210.0,0,11266.0,205.0,11061.0,0,0,20.0,0,0,10430.72,610.28,11041.0,331.0,9410.41,65,,เทศบาล
13/7/2569,,9930.0,0.0,0,9930.0,0.0,0,205.0,0,9725.0,120.0,9605.0,0,0,0.0,0,0,9093.88,511.12,9605.0,296.0,8239.32,61,,เทศบาล
14/7/2569,,10906.0,0.0,0,10906.0,0.0,0,147.0,0,10759.0,54.0,10705.0,0,0,0.0,0,0,10074.61,630.39,10705.0,357.0,9168.26,68,,เทศบาล
15/7/2569,,11387.0,0.0,0,11387.0,0.0,0,182.0,0,11205.0,255.0,10950.0,0,0,10.0,0,0,10310.16,629.84,10940.0,322.0,9397.84,65,,เทศบาล
16/7/2569,,10992.0,0.0,0,10992.0,0.0,0,110.0,0,10882.0,261.0,10621.0,0,0,0.0,0,0,10051.02,569.98,10621.0,334.0,8899.19,54,,เทศบาล
17/7/2569,,13132.0,0.0,0,13132.0,0.0,0,130.0,0,13002.0,334.0,12668.0,0,0,0.0,0,0,11982.26,685.74,12668.0,391.0,10801.57,77,,เทศบาล
18/7/2569,,12527.0,0.0,0,12527.0,0.0,0,150.0,0,12377.0,159.0,12218.0,0,0,0.0,0,0,11517.83,700.17,12218.0,394.0,10223.81,75,,เทศบาล
19/7/2569,,11238.0,0.0,0,11238.0,0.0,0,260.0,0,10978.0,65.0,10913.0,0,0,0.0,0,0,10284.48,628.52,10913.0,273.0,9332.44,51,,เทศบาล
20/7/2569,,10797.0,0.0,0,10797.0,0.0,0,140.0,0,10657.0,357.0,10300.0,0,0,5.0,0,0,9715.18,579.82,10295.0,306.0,8797.34,69,,เทศบาล
21/7/2569,,10901.0,0.0,0,10901.0,0.0,0,115.0,0,10786.0,57.0,10729.0,0,0,0.0,0,0,10120.68,608.32,10729.0,311.0,8813.98,75,,เทศบาล
22/7/2569,,8162.0,0.0,0,8162.0,0.0,0,110.0,0,8052.0,58.0,7994.0,0,0,0.0,0,0,7525.74,468.26,7994.0,248.0,6793.27,55,,เทศบาล
23/7/2569,,12376.0,0.0,0,12376.0,0.0,0,235.0,0,12141.0,256.0,11885.0,0,0,0.0,0,0,11240.87,644.13,11885.0,358.0,9956.91,70,,เทศบาล
24/7/2569,,11329.0,0.0,0,11329.0,0.0,0,140.0,0,11189.0,3.0,11186.0,0,0,0.0,0,0,10535.35,650.65,11186.0,318.0,9281.98,65,,เทศบาล
25/7/2569,,11744.0,0.0,0,11744.0,0.0,0,238.0,0,11506.0,566.0,10940.0,0,0,0.0,0,0,10330.08,609.92,10940.0,353.0,9634.55,72,,เทศบาล
26/7/2569,,10004.0,0.0,0,10004.0,0.0,0,205.0,0,9799.0,103.0,9696.0,0,0,0.0,0,0,9144.55,551.45,9696.0,269.0,8378.59,48,,เทศบาล
27/7/2569,,12473.0,0.0,0,12473.0,0.0,0,370.0,0,12103.0,108.0,11995.0,0,0,5.0,0,0,11278.26,711.74,11990.0,336.0,10374.23,61,,เทศบาล
28/7/2569,,13582.0,0.0,0,13582.0,0.0,0,422.0,0,13160.0,458.0,12702.0,0,0,23.0,0,0,11949.72,729.28,12679.0,386.0,11401.53,74,,เทศบาล
29/7/2569,,10507.0,0.0,0,10507.0,0.0,0,260.0,0,10247.0,8.0,10239.0,0,0,0.0,0,0,9643.74,595.26,10239.0,314.0,8957.14,57,,เทศบาล
30/7/2569,,10584.0,0.0,0,10584.0,0.0,0,320.0,0,10264.0,156.0,10108.0,0,0,30.0,0,0,9487.02,590.98,10078.0,331.0,8758.57,68,,เทศบาล
31/7/2569,,8658.0,0.0,0,8658.0,0.0,0,155.0,0,8503.0,221.0,8282.0,0,0,40.0,0,0,7771.9,470.1,8242.0,260.0,7144.88,50,,เทศบาล
1/8/2569,,12640.0,0.0,0,12640.0,0.0,0,320.0,0,12320.0,300.0,12020.0,0,0,20.0,0,0,11313.94,686.06,12000.0,305.0,10503.72,65,,เทศบาล
2/8/2569,,12626.0,0.0,0,12626.0,0.0,0,285.0,0,12341.0,200.0,12141.0,0,0,0.0,0,0,11459.1,681.9,12141.0,381.0,10278.67,58,,เทศบาล
3/8/2569,,12116.0,0.0,0,12116.0,0.0,0,400.0,0,11716.0,250.0,11466.0,0,0,40.0,0,0,10759.01,666.99,11426.0,302.0,10026.01,56,,เทศบาล
4/8/2569,,7792.0,0.0,0,7792.0,0.0,0,70.0,0,7722.0,550.0,7172.0,0,0,32.0,0,0,6739.5,400.5,7140.0,220.0,6426.84,55,,เทศบาล
10/10/2568,,10534.0,0.0,0,10534.0,0.0,0,80.0,0,10454.0,0.0,10454.0,0,0,0.0,0,0,9819.26,634.74,10454.0,401.0,8402.36,43,,ทุ่งปอ
11/10/2568,,10849.0,0.0,0,10849.0,0.0,0,50.0,0,10799.0,0.0,10799.0,0,0,25.0,0,0,10175.22,598.78,10774.0,393.0,10727.74,40,,ทุ่งปอ
12/10/2568,,10057.0,0.0,0,10057.0,0.0,0,48.0,0,10009.0,0.0,10009.0,0,0,0.0,0,0,9443.64,565.36,10009.0,384.0,10011.4,37,,ทุ่งปอ
13/10/2568,,9049.5,0.0,0,9049.5,0.0,0,44.0,0,9005.5,0.0,9005.5,0,0,10.0,0,0,8491.41,504.09,8995.5,271.0,9307.8,35,,ทุ่งปอ
14/10/2568,,11571.5,0.0,0,11571.5,0.0,0,15.0,0,11556.5,0.0,11556.5,0,0,0.0,0,0,10894.86,661.64,11556.5,369.0,10736.36,45,,ทุ่งปอ
15/10/2568,,6955.7,0.0,0,6955.7,0.0,0,50.0,0,6905.7,0.0,6905.7,0,0,0.0,0,0,6544.94,360.76,6905.7,338.0,9875.95,38,,ทุ่งปอ
16/10/2568,,148788.6,0.0,5352,143436.6,42106.0,0,14.0,0,101316.6,0.0,101316.6,0,0,0.0,0,0,96775.5,4541.1,101316.6,4159.0,135717.16,249,,ทุ่งปอ
17/10/2568,,10535.0,0.0,0,10535.0,0.0,0,295.0,0,10240.0,0.0,10240.0,0,0,670.0,0,0,9070.52,499.48,9570.0,399.0,12440.74,48,,ทุ่งปอ
18/10/2568,,10814.3,0.0,0,10814.3,0.0,0,110.0,0,10704.3,0.0,10704.3,0,0,960.0,0,0,9190.99,553.31,9744.3,375.0,13531.02,40,,ทุ่งปอ
19/10/2568,,15958.5,0.0,0,15958.5,0.0,0,0.0,0,15958.5,0.0,15958.5,0,0,1644.0,0,0,13635.2,679.3,14314.5,505.0,20219.97,65,,ทุ่งปอ
20/10/2568,,22321.9,0.0,0,22321.9,0.0,0,0.0,0,22321.9,0.0,22321.9,0,0,2490.0,0,0,18732.17,1099.73,19831.9,848.0,23955.65,73,,ทุ่งปอ
21/10/2568,,8662.12,0.0,0,8662.12,0.0,0,50.0,0,8612.12,0.0,8612.12,0,0,25.0,0,0,8171.58,415.54,8587.12,265.008,6880.946,48,,ทุ่งปอ
22/10/2568,,9890.53,0.0,0,9890.53,0.0,0,70.0,0,9820.53,0.0,9820.53,0,0,50.0,0,0,9224.51,546.02,9770.53,338.064,8160.3,59,,ทุ่งปอ
23/10/2568,,13097.53,0.0,0,13097.53,0.0,0,15.0,0,13082.53,0.0,13082.53,0,0,45.0,0,0,12413.03,624.5,13037.53,372.018,11175.464,68,,ทุ่งปอ
24/10/2568,,10086.09,0.0,0,10086.09,0.0,0,5.0,0,10081.09,0.0,10081.09,0,0,1.0,0,0,9537.71,542.38,10080.09,340.7,8347.74,52,,ทุ่งปอ
25/10/2568,,12472.33,0.0,0,12472.33,0.0,0,0.0,0,12472.33,0.0,12472.33,0,0,35.0,0,0,11782.65,654.68,12437.33,429.306,10052.054,47,,ทุ่งปอ
26/10/2568,,6792.02,0.0,0,6792.02,0.0,0,0.0,0,6792.02,0.0,6792.02,0,0,0.0,0,0,6426.38,365.64,6792.02,223.284,5582.686,52,,ทุ่งปอ
27/10/2568,,9614.64,0.0,0,9614.64,0.0,0,10.0,0,9604.64,0.0,9604.64,0,0,0.0,0,0,9121.46,483.18,9604.64,290.244,8003.25,54,,ทุ่งปอ
28/10/2568,,13241.79,0.0,0,13241.79,0.0,0,0.0,0,13241.79,0.0,13241.79,0,0,0.0,0,0,12545.38,696.41,13241.79,414.882,11552.188,59,,ทุ่งปอ
29/10/2568,,9430.68,0.0,0,9430.68,0.0,0,18.0,0,9412.68,0.0,9412.68,0,0,0.0,0,0,8905.93,506.75,9412.68,298.538,7408.248,48,,ทุ่งปอ
30/10/2568,,9939.81,0.0,0,9939.81,0.0,0,0.0,0,9939.81,0.0,9939.81,0,0,15.0,0,0,9398.35,526.46,9924.81,329.248,7961.07,54,,ทุ่งปอ
31/10/2568,,9805.61,0.0,0,9805.61,0.0,0,5.0,0,9800.61,0.0,9800.61,0,0,0.0,0,0,9273.0,527.61,9800.61,341.062,8101.798,62,,ทุ่งปอ
1/11/2568,,17120.44,0.0,0,17120.44,0.0,0,0.0,0,17120.44,0.0,17120.44,0,0,40.0,0,0,16144.46,935.98,17080.44,467.246,13753.482,64,,ทุ่งปอ
2/11/2568,,12362.41,0.0,0,12362.41,0.0,0,0.0,0,12362.41,0.0,12362.41,0,0,35.0,0,0,11684.86,642.55,12327.41,305.402,10082.126,63,,ทุ่งปอ
3/11/2568,,13446.8,0.0,0,13446.8,0.0,0,10.0,0,13436.8,0.0,13436.8,0,0,5.0,0,0,12718.62,713.18,13431.8,358.278,10850.19,56,,ทุ่งปอ
4/11/2568,,8233.09,0.0,0,8233.09,0.0,0,0.0,0,8233.09,0.0,8233.09,0,0,0.0,0,0,7857.65,375.44,8233.09,282.252,7055.498,47,,ทุ่งปอ
5/11/2568,,12984.59,0.0,0,12984.59,0.0,0,25.0,0,12959.59,0.0,12959.59,0,0,20.0,0,0,12216.03,723.56,12939.59,410.204,10596.62,53,,ทุ่งปอ
6/11/2568,,14465.3,0.0,0,14465.3,0.0,0,10.0,0,14455.3,0.0,14455.3,0,0,30.0,0,0,13695.92,729.38,14425.3,379.642,11344.14,67,,ทุ่งปอ
7/11/2568,,13287.82,0.0,0,13287.82,0.0,0,60.0,0,13227.82,0.0,13227.82,0,0,5.0,0,0,12457.31,765.51,13222.82,463.278,10934.29,45,,ทุ่งปอ
8/11/2568,,12103.2,0.0,0,12103.2,0.0,0,45.0,0,12058.2,0.0,12058.2,0,0,5.0,0,0,11403.18,650.02,12053.2,336.554,9847.694,55,,ทุ่งปอ
9/11/2568,,10312.07,0.0,0,10312.07,0.0,0,50.0,0,10262.07,0.0,10262.07,0,0,10.0,0,0,9700.12,551.95,10252.07,305.756,8202.132,49,,ทุ่งปอ
10/11/2568,,11054.8,0.0,0,11054.8,0.0,0,0.0,0,11054.8,0.0,11054.8,0,0,0.0,0,0,10502.22,552.58,11054.8,308.198,9008.49,69,,ทุ่งปอ
11/11/2568,,13325.0,0.0,0,13325.0,0.0,0,10.0,0,13315.0,0.0,13315.0,0,0,85.0,0,0,12544.21,685.79,13230.0,390.252,11131.218,64,,ทุ่งปอ
12/11/2568,,12326.19,0.0,0,12326.19,0.0,0,35.0,0,12291.19,0.0,12291.19,0,0,0.0,0,0,11647.89,643.3,12291.19,347.868,9712.5,68,,ทุ่งปอ
13/11/2568,,13191.24,0.0,0,13191.24,0.0,0,45.0,0,13146.24,0.0,13146.24,0,0,35.0,0,0,12381.54,729.7,13111.24,354.374,10692.004,54,,ทุ่งปอ
14/11/2568,,13387.01,0.0,0,13387.01,0.0,0,15.0,0,13372.01,0.0,13372.01,0,0,20.0,0,0,12707.15,644.86,13352.01,347.888,11245.92,62,,ทุ่งปอ
15/11/2568,,12142.84,0.0,0,12142.84,0.0,0,60.0,0,12082.84,0.0,12082.84,0,0,5.0,0,0,11423.78,654.06,12077.84,332.118,9958.658,56,,ทุ่งปอ
16/11/2568,,14833.79,0.0,0,14833.79,0.0,0,70.0,0,14763.79,0.0,14763.79,0,0,20.0,0,0,13976.36,767.43,14743.79,461.982,12305.094,78,,ทุ่งปอ
17/11/2568,,16867.37,0.0,0,16867.37,0.0,0,110.0,0,16757.37,0.0,16757.37,0,0,15.0,0,0,15811.32,931.05,16742.37,495.812,13550.436,73,,ทุ่งปอ
18/11/2568,,11445.9,0.0,0,11445.9,0.0,0,80.0,0,11365.9,0.0,11365.9,0,0,0.0,0,0,10738.67,627.23,11365.9,394.146,10249.514,56,,ทุ่งปอ
19/11/2568,,16704.51,0.0,0,16704.51,0.0,0,105.0,0,16599.51,0.0,16599.51,0,0,0.0,0,0,15691.14,908.37,16599.51,513.796,13937.39,71,,ทุ่งปอ
20/11/2568,,14313.32,0.0,0,14313.32,0.0,0,65.0,0,14248.32,0.0,14248.32,0,0,5.0,0,0,13471.01,772.31,14243.32,436.862,11937.768,77,,ทุ่งปอ
21/11/2568,,15526.41,0.0,0,15526.41,0.0,0,10.0,0,15516.41,0.0,15516.41,0,0,30.0,0,0,14599.62,886.79,15486.41,422.758,12683.162,66,,ทุ่งปอ
22/11/2568,,16203.69,0.0,0,16203.69,0.0,0,120.0,0,16083.69,0.0,16083.69,0,0,0.0,0,0,15220.99,862.7,16083.69,496.456,13965.806,77,,ทุ่งปอ
23/11/2568,,15277.05,0.0,0,15277.05,0.0,0,80.0,0,15197.05,0.0,15197.05,0,0,0.0,0,0,14381.33,815.72,15197.05,438.62,13221.754,90,,ทุ่งปอ
24/11/2568,,15663.58,0.0,0,15663.58,0.0,0,15.0,0,15648.58,0.0,15648.58,0,0,20.0,0,0,14865.17,763.41,15628.58,479.37,13751.998,90,,ทุ่งปอ
25/11/2568,,14062.6,0.0,0,14062.6,0.0,0,26.0,0,14036.6,0.0,14036.6,0,0,18.0,0,0,13279.58,739.02,14018.6,391.602,11788.658,74,,ทุ่งปอ
26/11/2568,,18177.37,0.0,0,18177.37,0.0,0,82.0,0,18095.37,0.0,18095.37,0,0,0.0,0,0,17037.11,1058.26,18095.37,540.422,14933.15,76,,ทุ่งปอ
27/11/2568,,15137.47,0.0,0,15137.47,0.0,0,35.0,0,15102.47,0.0,15102.47,0,0,5.0,0,0,14241.21,856.26,15097.47,514.496,12587.5,78,,ทุ่งปอ
28/11/2568,,18452.3,0.0,0,18452.3,0.0,0,35.0,0,18417.3,0.0,18417.3,0,0,90.0,0,0,17280.84,1046.46,18327.3,570.058,15260.84,78,,ทุ่งปอ
29/11/2568,,17753.73,0.0,0,17753.73,0.0,0,70.0,0,17683.73,0.0,17683.73,0,0,0.0,0,0,16699.2,984.53,17683.73,568.19,15112.408,86,,ทุ่งปอ
30/11/2568,,23849.13,0.0,0,23849.13,0.0,0,121.0,0,23728.13,0.0,23728.13,0,0,0.0,0,0,22402.22,1325.91,23728.13,718.074,19902.004,95,,ทุ่งปอ
1/12/2568,,16511.78,0.0,0,16511.78,0.0,0,115.0,0,16396.78,0.0,16396.78,0,0,0.0,0,0,15466.37,930.41,16396.78,445.808,13149.268,71,,ทุ่งปอ
2/12/2568,,13883.4,0.0,0,13883.4,0.0,0,50.0,0,13833.4,0.0,13833.4,0,0,0.0,0,0,13104.6,728.8,13833.4,410.85,11417.722,68,,ทุ่งปอ
3/12/2568,,14196.9,0.0,0,14196.9,0.0,0,60.0,0,14136.9,0.0,14136.9,0,0,0.0,0,0,13361.71,775.19,14136.9,480.624,12176.724,68,,ทุ่งปอ
4/12/2568,,14664.76,0.0,0,14664.76,0.0,0,35.0,0,14629.76,0.0,14629.76,0,0,20.0,0,0,13775.39,834.37,14609.76,461.622,12337.872,60,,ทุ่งปอ
5/12/2568,,21549.07,0.0,0,21549.07,0.0,0,85.0,0,21464.07,0.0,21464.07,0,0,0.0,0,0,20292.93,1171.14,21464.07,678.906,18161.542,99,,ทุ่งปอ
6/12/2568,,18171.88,0.0,0,18171.88,0.0,0,30.0,0,18141.88,0.0,18141.88,0,0,20.0,0,0,17094.94,1026.94,18121.88,559.076,15140.486,90,,ทุ่งปอ
7/12/2568,,19753.26,0.0,0,19753.26,0.0,0,105.0,0,19648.26,0.0,19648.26,0,0,20.0,0,0,18544.37,1083.89,19628.26,626.662,16656.898,89,,ทุ่งปอ
8/12/2568,,17104.38,0.0,0,17104.38,0.0,0,19.0,0,17085.38,0.0,17085.38,0,0,5.0,0,0,16196.58,883.8,17080.38,588.662,13826.332,73,,ทุ่งปอ
9/12/2568,,15068.53,0.0,0,15068.53,0.0,0,105.0,0,14963.53,0.0,14963.53,0,0,0.0,0,0,14114.18,849.35,14963.53,500.338,12725.878,71,,ทุ่งปอ
10/12/2568,,11960.03,0.0,0,11960.03,0.0,0,60.0,0,11900.03,0.0,11900.03,0,0,0.0,0,0,11263.68,636.35,11900.03,462.356,10120.466,66,,ทุ่งปอ
11/12/2568,,15500.56,0.0,0,15500.56,0.0,0,10.0,0,15490.56,0.0,15490.56,0,0,25.0,0,0,14651.24,814.32,15465.56,448.96,13049.614,80,,ทุ่งปอ
12/12/2568,,14054.54,0.0,0,14054.54,0.0,0,40.0,0,14014.54,0.0,14014.54,0,0,5.0,0,0,13299.09,710.45,14009.54,545.584,12360.346,77,,ทุ่งปอ
13/12/2568,,16353.47,0.0,0,16353.47,0.0,0,110.0,0,16243.47,0.0,16243.47,0,0,0.0,0,0,15353.83,889.64,16243.47,511.842,13888.575,69,,ทุ่งปอ
14/12/2568,,16197.98,0.0,0,16197.98,0.0,0,135.0,0,16062.98,0.0,16062.98,0,0,45.0,0,0,15135.19,882.79,16017.98,592.424,13675.654,75,,ทุ่งปอ
15/12/2568,,14455.0,0.0,0,14455.0,0.0,0,25.0,0,14430.0,0.0,14430.0,0,0,10.0,0,0,13571.23,848.77,14420.0,429.88,12052.13,68,,ทุ่งปอ
16/12/2568,,12950.64,0.0,0,12950.64,0.0,0,57.0,0,12893.64,0.0,12893.64,0,0,10.0,0,0,12166.57,717.07,12883.64,492.846,10745.662,78,,ทุ่งปอ
17/12/2568,,12009.5,0.0,0,12009.5,0.0,0,55.0,0,11954.5,0.0,11954.5,0,0,0.0,0,0,11280.3,674.2,11954.5,412.702,10195.698,62,,ทุ่งปอ
18/12/2568,,13463.65,0.0,0,13463.65,0.0,0,0.0,0,13463.65,0.0,13463.65,0,0,60.0,0,0,12673.05,730.6,13403.65,401.554,11335.35,70,,ทุ่งปอ
19/12/2568,,19975.12,0.0,0,19975.12,0.0,0,60.0,0,19915.12,0.0,19915.12,0,0,10.0,0,0,18782.52,1122.6,19905.12,611.608,16550.14,75,,ทุ่งปอ
20/12/2568,,15107.32,0.0,0,15107.32,0.0,0,65.0,0,15042.32,0.0,15042.32,0,0,10.0,0,0,14181.84,850.48,15032.32,484.378,12425.488,84,,ทุ่งปอ
21/12/2568,,19905.82,0.0,0,19905.82,0.0,0,75.0,0,19830.82,0.0,19830.82,0,0,45.0,0,0,18744.93,1040.89,19785.82,705.978,16611.358,89,,ทุ่งปอ
22/12/2568,,11102.95,0.0,0,11102.95,0.0,0,60.0,0,11042.95,0.0,11042.95,0,0,10.0,0,0,10462.53,570.42,11032.95,420.412,9806.95,61,,ทุ่งปอ
23/12/2568,,15599.46,0.0,0,15599.46,0.0,0,85.0,0,15514.46,0.0,15514.46,0,0,15.0,0,0,14659.95,839.51,15499.46,478.24,13052.828,77,,ทุ่งปอ
24/12/2568,,18315.05,0.0,0,18315.05,0.0,0,55.0,0,18260.05,0.0,18260.05,0,0,0.0,0,0,17267.6,992.45,18260.05,572.574,15059.608,87,,ทุ่งปอ
25/12/2568,,17300.95,0.0,0,17300.95,0.0,0,85.0,0,17215.95,0.0,17215.95,0,0,25.0,0,0,16206.4,984.55,17190.95,555.092,14809.052,70,,ทุ่งปอ
26/12/2568,,13725.29,0.0,0,13725.29,0.0,0,20.0,0,13705.29,0.0,13705.29,0,0,0.0,0,0,12967.13,738.16,13705.29,424.416,11364.262,63,,ทุ่งปอ
27/12/2568,,14292.11,0.0,0,14292.11,0.0,0,95.0,0,14197.11,0.0,14197.11,0,0,20.0,0,0,13407.87,769.24,14177.11,516.928,12221.994,67,,ทุ่งปอ
28/12/2568,,18767.32,0.0,0,18767.32,0.0,0,125.0,0,18642.32,0.0,18642.32,0,0,72.0,0,0,17558.2,1012.12,18570.32,643.426,15760.238,70,,ทุ่งปอ
29/12/2568,,16003.85,0.0,0,16003.85,0.0,0,132.0,0,15871.85,0.0,15871.85,0,0,0.0,0,0,14979.22,892.63,15871.85,469.604,13290.816,68,,ทุ่งปอ
30/12/2568,,15636.25,0.0,0,15636.25,0.0,0,50.0,0,15586.25,0.0,15586.25,0,0,0.0,0,0,14796.94,789.31,15586.25,642.494,13287.564,85,,ทุ่งปอ
31/12/2568,,14748.84,0.0,0,14748.84,0.0,0,90.0,0,14658.84,0.0,14658.84,0,0,0.0,0,0,13952.29,706.55,14658.84,715.66,12952.228,94,,ทุ่งปอ
1/1/2569,,21544.4,0.0,0,21544.4,0.0,0,240.0,0,21304.4,0.0,21304.4,0,0,10.0,0,0,20123.52,1170.88,21294.4,768.606,18763.984,94,,ทุ่งปอ
2/1/2569,,20158.93,0.0,0,20158.93,0.0,0,25.0,0,20133.93,0.0,20133.93,0,0,135.0,0,0,18919.86,1079.07,19998.93,796.872,16879.384,87,,ทุ่งปอ
3/1/2569,,24167.22,0.0,0,24167.22,0.0,0,35.0,0,24132.22,0.0,24132.22,0,0,60.0,0,0,22723.62,1348.6,24072.22,709.112,19872.454,95,,ทุ่งปอ
4/1/2569,,16066.92,0.0,0,16066.92,0.0,0,65.0,0,16001.92,0.0,16001.92,0,0,45.0,0,0,15122.05,834.87,15956.92,485.764,13677.52,91,,ทุ่งปอ
5/1/2569,,15708.62,0.0,0,15708.62,0.0,0,80.0,0,15628.62,0.0,15628.62,0,0,0.0,0,0,14817.75,810.87,15628.62,455.882,13582.47,79,,ทุ่งปอ
6/1/2569,,15064.12,0.0,0,15064.12,0.0,0,15.0,0,15049.12,0.0,15049.12,0,0,10.0,0,0,14220.93,818.19,15039.12,449.038,12676.564,69,,ทุ่งปอ
7/1/2569,,16250.7,0.0,0,16250.7,0.0,0,55.0,0,16195.7,0.0,16195.7,0,0,0.0,0,0,15306.42,889.28,16195.7,492.902,13239.834,78,,ทุ่งปอ
8/1/2569,,13850.19,0.0,0,13850.19,0.0,0,90.0,0,13760.19,0.0,13760.19,0,0,35.0,0,0,13005.03,720.16,13725.19,510.87,12107.176,73,,ทุ่งปอ
9/1/2569,,11653.28,0.0,0,11653.28,0.0,0,75.0,0,11578.28,0.0,11578.28,0,0,10.0,0,0,10908.89,659.39,11568.28,394.728,9968.332,72,,ทุ่งปอ
10/1/2569,,17434.7,0.0,0,17434.7,0.0,0,95.0,0,17339.7,0.0,17339.7,0,0,40.0,0,0,16360.29,939.41,17299.7,534.826,14899.008,80,,ทุ่งปอ
11/1/2569,,18446.78,0.0,0,18446.78,0.0,0,125.0,0,18321.78,0.0,18321.78,0,0,5.0,0,0,17274.03,1042.75,18316.78,693.546,15916.368,92,,ทุ่งปอ
12/1/2569,,9915.73,0.0,0,9915.73,0.0,0,45.0,0,9870.73,0.0,9870.73,0,0,0.0,0,0,9311.22,559.51,9870.73,357.29,8497.08,64,,ทุ่งปอ
13/1/2569,,19085.2,0.0,0,19085.2,0.0,0,165.0,0,18920.2,0.0,18920.2,0,0,40.0,0,0,17808.04,1072.16,18880.2,557.442,15717.512,73,,ทุ่งปอ
14/1/2569,,12316.47,0.0,0,12316.47,0.0,0,78.0,0,12238.47,0.0,12238.47,0,0,0.0,0,0,11562.39,676.08,12238.47,411.892,10373.142,66,,ทุ่งปอ
15/1/2569,,16208.59,0.0,0,16208.59,0.0,0,55.0,0,16153.59,0.0,16153.59,0,0,20.0,0,0,15249.43,884.16,16133.59,547.564,13554.442,78,,ทุ่งปอ
16/1/2569,,18583.63,0.0,0,18583.63,0.0,0,135.0,0,18448.63,0.0,18448.63,0,0,0.0,0,0,17380.09,1068.54,18448.63,543.858,15257.756,79,,ทุ่งปอ
17/1/2569,,17481.64,0.0,0,17481.64,0.0,0,25.0,0,17456.64,0.0,17456.64,0,0,40.0,0,0,16440.02,976.62,17416.64,545.636,14580.944,89,,ทุ่งปอ
18/1/2569,,17437.95,0.0,0,17437.95,0.0,0,145.0,0,17292.95,0.0,17292.95,0,0,20.0,0,0,16364.62,908.33,17272.95,616.882,14937.73,89,,ทุ่งปอ
19/1/2569,,15145.81,0.0,0,15145.81,0.0,0,70.0,0,15075.81,0.0,15075.81,0,0,0.0,0,0,14287.42,788.39,15075.81,628.738,13015.026,84,,ทุ่งปอ
20/1/2569,,17078.29,0.0,0,17078.29,0.0,0,135.0,0,16943.29,0.0,16943.29,0,0,55.0,0,0,15960.24,928.05,16888.29,529.58,14557.416,87,,ทุ่งปอ
21/1/2569,,12613.83,0.0,0,12613.83,0.0,0,30.0,0,12583.83,0.0,12583.83,0,0,0.0,0,0,11899.58,684.25,12583.83,412.98,10188.936,70,,ทุ่งปอ
22/1/2569,,14762.07,0.0,0,14762.07,0.0,0,60.0,0,14702.07,0.0,14702.07,0,0,10.0,0,0,13845.53,846.54,14692.07,433.264,11938.608,72,,ทุ่งปอ
23/1/2569,,14068.52,0.0,0,14068.52,0.0,0,75.0,0,13993.52,0.0,13993.52,0,0,5.0,0,0,13236.48,752.04,13988.52,458.18,11807.438,68,,ทุ่งปอ
24/1/2569,,12546.16,0.0,0,12546.16,0.0,0,50.0,0,12496.16,0.0,12496.16,0,0,5.0,0,0,11868.3,622.86,12491.16,462.606,10979.304,85,,ทุ่งปอ
25/1/2569,,16390.58,0.0,14,16376.58,0.0,0,25.0,0,16351.58,0.0,16351.58,0,0,10.0,0,0,15505.34,836.24,16341.58,535.616,15209.59,93,,ทุ่งปอ
26/1/2569,,13602.57,0.0,2,13600.57,0.0,0,30.0,0,13570.57,0.0,13570.57,0,0,55.0,0,0,12754.95,760.62,13515.57,408.5,11167.254,72,,ทุ่งปอ
27/1/2569,,13268.67,0.0,2,13266.67,0.0,0,90.0,0,13176.67,0.0,13176.67,0,0,30.0,0,0,12373.59,773.08,13146.67,434.836,11092.582,70,,ทุ่งปอ
28/1/2569,,16673.73,0.0,0,16673.73,0.0,0,115.0,0,16558.73,0.0,16558.73,0,0,0.0,0,0,15655.74,902.99,16558.73,571.174,13851.722,75,,ทุ่งปอ
29/1/2569,,10296.93,0.0,0,10296.93,0.0,0,20.0,0,10276.93,0.0,10276.93,0,0,35.0,0,0,9706.3,535.63,10241.93,356.372,8782.462,74,,ทุ่งปอ
30/1/2569,,15102.63,0.0,8,15094.63,0.0,0,130.0,0,14964.63,0.0,14964.63,0,0,0.0,0,0,14126.23,838.4,14964.63,442.688,12107.564,60,,ทุ่งปอ
31/1/2569,,22592.65,0.0,12,22580.65,0.0,0,125.0,0,22455.65,0.0,22455.65,0,0,0.0,0,0,21153.22,1302.43,22455.65,755.694,18662.59,87,,ทุ่งปอ
1/2/2569,,13649.76,0.0,2,13647.76,0.0,0,70.0,0,13577.76,0.0,13577.76,0,0,70.0,0,0,12798.58,709.18,13507.76,431.312,11440.76,81,,ทุ่งปอ
2/2/2569,,18899.3,0.0,0,18899.3,0.0,0,130.0,0,18769.3,0.0,18769.3,0,0,10.0,0,0,17791.43,967.87,18759.3,566.96,16281.552,89,,ทุ่งปอ
3/2/2569,,15407.79,0.0,0,15407.79,0.0,0,175.0,0,15232.79,0.0,15232.79,0,0,20.0,0,0,14359.06,853.73,15212.79,468.796,13136.196,73,,ทุ่งปอ
4/2/2569,,21545.22,0.0,0,21545.22,0.0,0,232.0,0,21313.22,0.0,21313.22,0,0,0.0,0,0,20140.72,1172.5,21313.22,776.928,18249.82,82,,ทุ่งปอ
5/2/2569,,10077.28,0.0,0,10077.28,0.0,0,81.0,0,9996.28,0.0,9996.28,0,0,40.0,0,0,9404.73,551.55,9956.28,320.384,8619.176,57,,ทุ่งปอ
6/2/2569,,15793.31,0.0,0,15793.31,0.0,0,70.0,0,15723.31,0.0,15723.31,0,0,0.0,0,0,14836.75,886.56,15723.31,547.284,13177.412,71,,ทุ่งปอ
7/2/2569,,18335.88,0.0,0,18335.88,0.0,0,65.0,0,18270.88,0.0,18270.88,0,0,0.0,0,0,17261.64,1009.24,18270.88,620.424,14877.07,78,,ทุ่งปอ
8/2/2569,,16616.02,0.0,0,16616.02,0.0,0,70.0,0,16546.02,0.0,16546.02,0,0,15.0,0,0,15707.86,823.16,16531.02,543.75,14255.382,90,,ทุ่งปอ
9/2/2569,,15612.89,0.0,0,15612.89,0.0,0,85.0,0,15527.89,0.0,15527.89,0,0,20.0,0,0,14664.03,843.86,15507.89,534.144,12934.458,72,,ทุ่งปอ
10/2/2569,,14898.25,0.0,0,14898.25,0.0,0,25.0,0,14873.25,0.0,14873.25,0,0,10.0,0,0,14027.66,835.59,14863.25,485.712,12338.44,75,,ทุ่งปอ
11/2/2569,,15562.07,0.0,0,15562.07,0.0,0,70.0,0,15492.07,0.0,15492.07,0,0,0.0,0,0,14687.77,804.3,15492.07,558.316,13258.06,82,,ทุ่งปอ
12/2/2569,,18716.38,0.0,0,18716.38,0.0,0,106.0,0,18610.38,0.0,18610.38,0,0,0.0,0,0,17588.99,1021.39,18610.38,562.222,15511.35,87,,ทุ่งปอ
13/2/2569,,20209.16,0.0,0,20209.16,0.0,0,120.0,0,20089.16,0.0,20089.16,0,0,20.0,0,0,19023.67,1045.49,20069.16,672.546,17454.13,100,,ทุ่งปอ
14/2/2569,,27519.42,0.0,1149,26370.42,0.0,0,40.0,0,26330.42,0.0,26330.42,0,0,2174.0,0,0,22727.5,1428.92,24156.42,781.42,22935.23,78,,ทุ่งปอ
15/2/2569,,18665.21,0.0,656,18009.21,1.0,0,65.0,0,17943.21,0.0,17943.21,0,0,590.0,0,0,16427.9,925.31,17353.21,659.432,16338.766,105,,ทุ่งปอ
16/2/2569,,12937.91,0.0,360,12577.91,7.0,0,10.0,0,12560.91,0.0,12560.91,0,0,766.0,0,0,11179.45,615.46,11794.91,434.992,11569.314,67,,ทุ่งปอ
17/2/2569,,22527.66,0.0,639,21888.66,3.0,0,25.0,0,21860.66,0.0,21860.66,9,0,2221.0,0,0,18502.0,1128.66,19630.66,775.236,19074.04,91,,ทุ่งปอ
18/2/2569,,22875.68,0.0,719,22156.68,0.0,0,25.0,0,22131.68,0.0,22131.68,0,0,1342.0,0,0,19595.74,1193.94,20789.68,817.272,18998.476,95,,ทุ่งปอ
19/2/2569,,25716.75,0.0,1227,24489.75,1.0,0,30.0,0,24458.75,0.0,24458.75,0,0,3286.0,0,0,19954.11,1218.64,21172.75,853.388,21922.972,101,,ทุ่งปอ
20/2/2569,,21691.45,0.0,0,21691.45,0.0,0,145.0,0,21546.45,0.0,21546.45,0,0,1389.0,0,0,19005.86,1151.59,20157.45,678.296,18413.36,69,,ทุ่งปอ
21/2/2569,,22764.76,0.0,0,22764.76,0.0,0,145.0,0,22619.76,0.0,22619.76,0,0,1816.0,0,0,19651.37,1152.39,20803.76,757.972,18864.796,83,,ทุ่งปอ
22/2/2569,,19201.26,0.0,0,19201.26,14.0,0,113.0,0,19074.26,0.0,19074.26,2,0,1518.0,0,0,16674.64,879.62,17554.26,606.758,16225.97,89,,ทุ่งปอ
23/2/2569,,21697.26,0.0,0,21697.26,31.0,0,120.0,0,21546.26,0.0,21546.26,0,0,1038.0,0,0,19399.57,1108.69,20508.26,634.674,18226.454,82,,ทุ่งปอ
24/2/2569,,13738.97,0.0,0,13738.97,0.0,0,45.0,0,13693.97,0.0,13693.97,0,0,731.0,0,0,12261.57,701.4,12962.97,413.082,11559.694,60,,ทุ่งปอ
25/2/2569,,21691.92,0.0,0,21691.92,0.0,0,125.0,0,21566.92,0.0,21566.92,0,0,1116.0,0,0,19362.29,1088.63,20450.92,695.188,17912.922,91,,ทุ่งปอ
26/2/2569,,20606.59,0.0,0,20606.59,0.0,0,121.0,0,20485.59,0.0,20485.59,0,0,1274.0,0,0,18143.64,1067.95,19211.59,916.598,19471.864,104,,ทุ่งปอ
27/2/2569,,28551.51,0.0,0,28551.51,0.0,0,260.0,0,28291.51,0.0,28291.51,0,0,1720.0,0,0,25023.75,1547.76,26571.51,952.092,23571.298,86,,ทุ่งปอ
28/2/2569,,37450.2,0.0,0,37450.2,18.0,0,295.0,0,37137.2,0.0,37137.2,0,0,3780.0,0,0,31406.33,1950.87,33357.2,1156.684,31285.716,123,,ทุ่งปอ
1/3/2569,,16153.8,0.0,8,16145.8,0.0,0,50.0,0,16095.8,0.0,16095.8,0,0,210.0,0,0,15114.33,771.47,15885.8,501.287,13932.118,81,,ทุ่งปอ
2/3/2569,,23270.64,0.0,4,23266.64,0.0,0,195.0,0,23071.64,0.0,23071.64,0,0,205.0,0,0,21648.55,1218.09,22866.64,672.62,19545.278,85,,ทุ่งปอ
3/3/2569,,21284.4,0.0,4,21280.4,0.0,0,70.0,0,21210.4,0.0,21210.4,0,0,470.0,0,0,19638.79,1101.61,20740.4,615.008,17890.92,90,,ทุ่งปอ
4/3/2569,,25067.2,0.0,17,25050.2,0.0,0,115.0,0,24935.2,0.0,24935.2,0,0,100.0,0,0,23482.65,1352.55,24835.2,741.72,20723.002,97,,ทุ่งปอ
5/3/2569,,18550.65,0.0,36,18514.65,0.0,0,70.0,0,18444.65,0.0,18444.65,0,0,295.0,0,0,17146.7,1002.95,18149.65,543.788,15478.798,71,,ทุ่งปอ
6/3/2569,,16859.12,0.0,0,16859.12,0.0,0,70.0,0,16789.12,0.0,16789.12,0,0,50.0,0,0,15827.09,912.03,16739.12,488.252,13861.466,77,,ทุ่งปอ
7/3/2569,,26333.91,0.0,17,26316.91,0.0,0,200.0,0,26116.91,0.0,26116.91,0,0,163.0,0,0,24460.6,1493.31,25953.91,904.43,22007.104,78,,ทุ่งปอ
8/3/2569,,16350.55,0.0,53,16297.55,0.0,0,30.0,0,16267.55,0.0,16267.55,0,0,185.0,0,0,15250.47,832.08,16082.55,539.736,13794.726,79,,ทุ่งปอ
9/3/2569,,19438.09,0.0,18,19420.09,0.0,0,15.0,0,19405.09,0.0,19405.09,0,0,265.0,0,0,18110.56,1029.53,19140.09,625.544,15919.416,86,,ทุ่งปอ
10/3/2569,,15199.55,0.0,16,15183.55,0.0,0,60.0,0,15123.55,0.0,15123.55,0,0,102.0,0,0,14227.08,794.47,15021.55,537.822,12634.074,81,,ทุ่งปอ
11/3/2569,,19866.19,0.0,26,19840.19,0.0,0,75.0,0,19765.19,0.0,19765.19,0,0,100.0,0,0,18562.74,1102.45,19665.19,686.14,16610.536,73,,ทุ่งปอ
12/3/2569,,23794.76,0.0,38,23756.76,0.0,0,155.0,0,23601.76,0.0,23601.76,0,0,345.0,0,0,21853.86,1402.9,23256.76,914.274,19544.858,71,,ทุ่งปอ
13/3/2569,,18979.26,0.0,13,18966.26,0.0,0,20.0,0,18946.26,0.0,18946.26,0,0,80.0,0,0,17764.2,1102.06,18866.26,724.104,15903.622,81,,ทุ่งปอ
14/3/2569,,20184.48,0.0,25,20159.48,0.0,0,80.0,0,20079.48,0.0,20079.48,0,0,305.0,0,0,18645.16,1129.32,19774.48,656.748,16678.064,78,,ทุ่งปอ
15/3/2569,,22972.16,0.0,55,22917.16,0.0,0,35.0,0,22882.16,0.0,22882.16,0,0,60.0,0,0,21623.22,1198.94,22822.16,766.446,19156.636,87,,ทุ่งปอ
16/3/2569,,19497.48,0.0,12,19485.48,0.0,0,74.0,0,19411.48,0.0,19411.48,0,0,90.0,0,0,18275.41,1046.07,19321.48,727.262,16928.53,69,,ทุ่งปอ
17/3/2569,,18803.26,0.0,0,18803.26,0.0,0,35.0,0,18768.26,0.0,18768.26,0,0,230.0,0,0,17553.23,985.03,18538.26,595.912,16317.628,83,,ทุ่งปอ
18/3/2569,,26281.78,0.0,25,26256.78,0.0,0,275.0,0,25981.78,0.0,25981.78,0,0,50.0,0,0,24417.32,1514.46,25931.78,805.514,21696.544,89,,ทุ่งปอ
19/3/2569,,20030.79,0.0,33,19997.79,0.0,0,25.0,0,19972.79,1300.0,18672.79,0,0,180.0,0,0,17470.73,1022.06,18492.79,669.558,16581.244,91,,ทุ่งปอ
20/3/2569,,20412.13,0.0,33,20379.13,0.0,0,80.0,0,20299.13,1200.0,19099.13,0,0,65.0,0,0,17934.24,1099.89,19034.13,662.598,17296.38,95,,ทุ่งปอ
21/3/2569,,27315.45,0.0,96,27219.45,0.0,0,261.0,0,26958.45,1550.0,25408.45,0,0,250.0,0,0,23705.49,1452.96,25158.45,960.692,24304.884,97,,ทุ่งปอ
22/3/2569,,20855.71,0.0,97,20758.71,0.0,0,165.0,0,20593.71,250.0,20343.71,0,0,365.0,0,0,18845.32,1133.39,19978.71,610.36,17955.666,92,,ทุ่งปอ
23/3/2569,,18851.74,0.0,12,18839.74,0.0,0,75.0,0,18764.74,50.0,18714.74,0,0,150.0,0,0,17615.1,949.64,18564.74,572.008,16202.272,101,,ทุ่งปอ
24/3/2569,,17908.96,0.0,65,17843.96,0.0,0,90.0,0,17753.96,850.0,16903.96,0,0,230.0,0,0,15813.25,860.71,16673.96,855.276,15671.398,78,,ทุ่งปอ
25/3/2569,,21758.14,0.0,17,21741.14,0.0,0,135.0,0,21606.14,100.0,21506.14,0,0,250.0,0,0,20038.83,1217.31,21256.14,691.768,17979.462,67,,ทุ่งปอ
26/3/2569,,25457.85,0.0,80,25377.85,0.0,0,60.0,0,25317.85,200.0,25117.85,0,0,365.0,0,0,23340.01,1412.84,24752.85,814.268,21541.496,86,,ทุ่งปอ
27/3/2569,,20914.17,0.0,102,20812.17,0.0,0,90.0,0,20722.17,300.0,20422.17,0,0,5.0,0,0,19286.25,1130.92,20417.17,847.332,17387.024,86,,ทุ่งปอ
28/3/2569,,28149.31,0.0,155,27994.31,0.0,0,64.0,0,27930.31,700.0,27230.31,0,0,125.0,0,0,25569.0,1536.31,27105.31,943.738,22933.752,102,,ทุ่งปอ
29/3/2569,,26019.61,0.0,100,25919.61,0.0,0,140.0,0,25779.61,0.0,25779.61,0,0,65.0,0,0,24329.87,1384.74,25714.61,893.862,21958.954,84,,ทุ่งปอ
30/3/2569,,26681.64,0.0,32,26649.64,0.0,0,96.0,0,26553.64,0.0,26553.64,0,0,180.0,0,0,24902.06,1471.58,26373.64,875.142,22345.136,93,,ทุ่งปอ
31/3/2569,,27592.5,0.0,157,27435.5,0.0,0,87.0,0,27348.5,700.0,26648.5,0,0,120.0,0,0,25056.53,1471.97,26528.5,887.452,22803.44,92,,ทุ่งปอ
1/4/2569,,26903.92,0.0,67,26836.92,0.0,0,90.0,0,26746.92,50.0,26696.92,0,0,50.0,0,0,25216.58,1430.34,26646.92,913.482,21780.222,91,,ทุ่งปอ
2/4/2569,,29216.51,0.0,36,29180.51,0.0,0,167.0,0,29013.51,600.0,28413.51,0,0,10.0,0,0,26768.5,1635.01,28403.51,1061.88,24126.486,85,,ทุ่งปอ
3/4/2569,,26503.66,0.0,32,26471.66,0.0,0,80.0,0,26391.66,550.0,25841.66,0,0,50.0,0,0,24393.37,1398.29,25791.66,983.82,21854.304,82,,ทุ่งปอ
4/4/2569,,24505.63,0.0,17,24488.63,0.0,0,70.0,0,24418.63,550.0,23868.63,0,0,50.0,0,0,22468.89,1349.74,23818.63,646.166,19818.246,97,,ทุ่งปอ
5/4/2569,,28308.5,0.0,22,28286.5,0.0,0,145.0,0,28141.5,100.0,28041.5,0,0,15.0,0,0,26445.93,1580.57,28026.5,811.664,23232.348,83,,ทุ่งปอ
6/4/2569,,23091.32,0.0,60,23031.32,0.0,0,85.0,0,22946.32,250.0,22696.32,0,0,10.0,0,0,21443.34,1242.98,22686.32,654.56,18893.268,97,,ทุ่งปอ
7/4/2569,,26662.78,0.0,54,26608.78,0.0,0,20.0,0,26588.78,300.0,26288.78,0,0,65.0,0,0,24805.0,1418.78,26223.78,751.992,21800.148,75,,ทุ่งปอ
8/4/2569,,33897.43,0.0,42,33855.43,0.0,0,155.0,0,33700.43,100.0,33600.43,0,0,50.0,0,0,31671.81,1878.62,33550.43,1250.76,28469.944,96,,ทุ่งปอ
9/4/2569,,26986.7,0.0,109,26877.7,0.0,0,110.0,0,26767.7,1150.0,25617.7,0,0,74.0,0,0,24076.98,1466.72,25543.7,860.532,21970.016,89,,ทุ่งปอ
10/4/2569,,24542.02,0.0,14,24528.02,0.0,0,120.0,0,24408.02,300.0,24108.02,0,0,105.0,0,0,22656.57,1346.45,24003.02,832.418,20346.386,90,,ทุ่งปอ
11/4/2569,,32041.68,0.0,8,32033.68,0.0,0,165.0,0,31868.68,150.0,31718.68,0,0,485.0,0,0,29489.15,1744.53,31233.68,1023.818,26887.754,99,,ทุ่งปอ
12/4/2569,,27500.71,0.0,24,27476.71,0.0,0,105.0,0,27371.71,800.0,26571.71,0,0,60.0,0,0,25018.74,1492.97,26511.71,869.11,22730.178,112,,ทุ่งปอ
13/4/2569,,29456.08,0.0,27,29429.08,0.0,0,175.0,0,29254.08,150.0,29104.08,0,0,0.0,0,0,27491.35,1612.73,29104.08,1032.022,24530.862,92,,ทุ่งปอ
14/4/2569,,33611.57,0.0,62,33549.57,0.0,0,145.0,0,33404.57,350.0,33054.57,0,0,102.0,0,0,31082.13,1870.44,32952.57,997.5,26902.766,97,,ทุ่งปอ
15/4/2569,,32841.66,0.0,44,32797.66,0.0,0,192.0,0,32605.66,0.0,32605.66,0,0,20.0,0,0,30755.28,1830.38,32585.66,1078.368,27265.356,89,,ทุ่งปอ
16/4/2569,,27992.51,0.0,33,27959.51,0.0,0,90.0,0,27869.51,450.0,27419.51,0,0,25.0,0,0,25846.62,1547.89,27394.51,957.554,23394.492,84,,ทุ่งปอ
17/4/2569,,35727.44,0.0,45,35682.44,0.0,0,165.0,0,35517.44,250.0,35267.44,0,0,0.0,0,0,33222.2,2045.24,35267.44,1139.792,29797.222,114,,ทุ่งปอ
18/4/2569,,41425.41,0.0,57,41368.41,0.0,0,180.0,0,41188.41,600.0,40588.41,0,0,125.0,0,0,38068.25,2395.16,40463.41,1330.378,33335.682,86,,ทุ่งปอ
19/4/2569,,20780.72,0.0,16,20764.72,0.0,0,100.0,0,20664.72,0.0,20664.72,0,0,0.0,0,0,19577.77,1086.95,20664.72,653.068,17009.086,80,,ทุ่งปอ
20/4/2569,,28335.39,0.0,44,28291.39,0.0,0,175.0,0,28116.39,350.0,27766.39,0,0,70.0,0,0,26108.47,1587.92,27696.39,895.122,23167.612,92,,ทุ่งปอ
21/4/2569,,27459.68,0.0,48,27411.68,0.0,0,95.0,0,27316.68,200.0,27116.68,0,0,10.0,0,0,25553.92,1552.76,27106.68,911.668,22018.356,96,,ทุ่งปอ
22/4/2569,,20544.1,0.0,46,20498.1,0.0,0,75.0,0,20423.1,300.0,20123.1,0,0,100.0,0,0,18972.0,1051.1,20023.1,646.0,17214.916,90,,ทุ่งปอ
23/4/2569,,25517.15,0.0,32,25485.15,0.0,0,105.0,0,25380.15,300.0,25080.15,0,0,150.0,0,0,23598.14,1332.01,24930.15,884.924,20985.226,89,,ทุ่งปอ
24/4/2569,,28791.58,0.0,14,28777.58,0.0,0,130.0,0,28647.58,100.0,28547.58,0,0,30.0,0,0,26918.16,1599.42,28517.58,996.934,23124.094,89,,ทุ่งปอ
25/4/2569,,26160.19,0.0,41,26119.19,0.0,0,75.0,0,26044.19,450.0,25594.19,0,0,150.0,0,0,24020.08,1424.11,25444.19,884.886,21295.04,86,,ทุ่งปอ
26/4/2569,,24941.58,0.0,57,24884.58,0.0,0,205.0,0,24679.58,800.0,23879.58,0,0,100.0,0,0,22494.66,1284.92,23779.58,710.844,20383.234,93,,ทุ่งปอ
27/4/2569,,27487.65,0.0,44,27443.65,0.0,0,125.0,0,27318.65,250.0,27068.65,0,0,20.0,0,0,25616.79,1431.86,27048.65,944.854,22334.112,81,,ทุ่งปอ
28/4/2569,,24139.96,0.0,5,24134.96,0.0,0,50.0,0,24084.96,300.0,23784.96,0,0,19.0,0,0,22456.97,1308.99,23765.96,815.836,20366.762,91,,ทุ่งปอ
29/4/2569,,26274.14,0.0,30,26244.14,0.0,0,215.0,0,26029.14,150.0,25879.14,0,0,60.0,0,0,24421.38,1397.76,25819.14,805.136,22084.53,102,,ทุ่งปอ
30/4/2569,,25631.65,0.0,95,25536.65,0.0,0,210.0,0,25326.65,450.0,24876.65,0,0,225.0,0,0,23271.43,1380.22,24651.65,904.266,20793.698,94,,ทุ่งปอ
1/5/2569,,24189.55,0.0,41,24148.55,0.0,0,100.0,0,24048.55,700.0,23348.55,0,0,0.0,0,0,22093.93,1254.62,23348.55,792.902,19360.904,89,,ทุ่งปอ
2/5/2569,,29481.61,0.0,39,29442.61,0.0,0,255.0,0,29187.61,450.0,28737.61,0,0,0.0,0,0,27040.1,1697.51,28737.61,1002.636,24056.322,88,,ทุ่งปอ
3/5/2569,,26813.15,0.0,67,26746.15,0.0,0,80.0,0,26666.15,300.0,26366.15,0,0,0.0,0,0,24929.16,1436.99,26366.15,837.7,21862.072,84,,ทุ่งปอ
4/5/2569,,24925.35,0.0,36,24889.35,0.0,0,95.0,0,24794.35,350.0,24444.35,0,0,0.0,0,0,23045.37,1398.98,24444.35,959.144,20379.57,85,,ทุ่งปอ
5/5/2569,,21129.02,0.0,13,21116.02,0.0,0,65.0,0,21051.02,300.0,20751.02,0,0,60.0,0,0,19586.09,1104.93,20691.02,636.06,17114.986,77,,ทุ่งปอ
6/5/2569,,25379.24,0.0,30,25349.24,0.0,0,230.0,0,25119.24,300.0,24819.24,0,0,0.0,0,0,23394.28,1424.96,24819.24,960.642,20817.66,75,,ทุ่งปอ
7/5/2569,,28581.41,0.0,98,28483.41,0.0,0,65.0,0,28418.41,2300.0,26118.41,0,0,5.0,0,0,24682.55,1430.86,26113.41,1027.39,24433.432,92,,ทุ่งปอ
8/5/2569,,20594.94,0.0,84,20510.94,0.0,0,112.0,0,20398.94,300.0,20098.94,0,0,5.0,0,0,18932.54,1161.4,20093.94,709.668,17178.666,71,,ทุ่งปอ
9/5/2569,,30818.96,0.0,41,30777.96,0.0,0,150.0,0,30627.96,100.0,30527.96,0,0,0.0,0,0,28764.14,1763.82,30527.96,991.644,24463.66,90,,ทุ่งปอ
10/5/2569,,27244.45,0.0,26,27218.45,0.0,0,130.0,0,27088.45,200.0,26888.45,0,0,0.0,0,0,25340.3,1548.15,26888.45,822.122,21629.278,83,,ทุ่งปอ
11/5/2569,,28591.85,0.0,49,28542.85,0.0,0,75.0,0,28467.85,200.0,28267.85,0,0,10.0,0,0,26662.44,1595.41,28257.85,987.464,23122.576,100,,ทุ่งปอ
12/5/2569,,23097.55,0.0,53,23044.55,0.0,0,130.0,0,22914.55,400.0,22514.55,0,0,0.0,0,0,21231.32,1283.23,22514.55,691.874,18730.064,78,,ทุ่งปอ
13/5/2569,,33628.16,0.0,11,33617.16,0.0,0,323.0,0,33294.16,50.0,33244.16,0,0,50.0,0,0,31293.99,1900.17,33194.16,1157.91,27658.192,94,,ทุ่งปอ
14/5/2569,,26329.63,0.0,62,26267.63,0.0,0,80.0,0,26187.63,200.0,25987.63,0,0,0.0,0,0,24475.52,1512.11,25987.63,734.626,20928.19,92,,ทุ่งปอ
15/5/2569,,26481.96,0.0,49,26432.96,0.0,0,115.0,0,26317.96,100.0,26217.96,0,0,0.0,0,0,24717.05,1500.91,26217.96,930.206,21137.59,76,,ทุ่งปอ
16/5/2569,,32318.74,0.0,48,32270.74,0.0,0,225.0,0,32045.74,400.0,31645.74,0,0,10.0,0,0,29763.71,1872.03,31635.74,1224.626,26341.02,99,,ทุ่งปอ
17/5/2569,,27613.81,0.0,37,27576.81,0.0,0,110.0,0,27466.81,250.0,27216.81,0,0,30.0,0,0,25650.24,1536.57,27186.81,842.064,22388.564,102,,ทุ่งปอ
18/5/2569,,26831.61,0.0,30,26801.61,0.0,0,200.0,0,26601.61,1250.0,25351.61,0,0,5.0,0,0,23843.67,1502.94,25346.61,894.23,21494.194,85,,ทุ่งปอ
19/5/2569,,21323.21,0.0,24,21299.21,0.0,0,100.0,0,21199.21,551.0,20648.21,0,0,0.0,0,0,19459.19,1189.02,20648.21,613.58,16972.14,78,,ทุ่งปอ
20/5/2569,,28023.73,0.0,35,27988.73,0.0,0,220.0,0,27768.73,200.0,27568.73,0,0,0.0,0,0,25925.77,1642.96,27568.73,908.214,23009.204,80,,ทุ่งปอ
21/5/2569,,26758.34,0.0,40,26718.34,0.0,0,110.0,0,26608.34,206.0,26402.34,0,0,0.0,0,0,24906.84,1495.5,26402.34,803.062,22342.77,77,,ทุ่งปอ
22/5/2569,,28082.98,0.0,56,28026.98,0.0,0,190.0,0,27836.98,436.0,27400.98,0,0,0.0,0,0,25807.19,1593.79,27400.98,936.156,22677.834,72,,ทุ่งปอ
23/5/2569,,23670.57,0.0,41,23629.57,0.0,0,135.0,0,23494.57,278.0,23216.57,0,0,10.0,0,0,21878.86,1327.71,23206.57,834.994,19356.294,83,,ทุ่งปอ
24/5/2569,,26642.52,0.0,98,26544.52,0.0,0,255.0,0,26289.52,50.0,26239.52,0,0,0.0,0,0,24719.33,1520.19,26239.52,760.732,21296.422,79,,ทุ่งปอ
25/5/2569,,23482.12,0.0,64,23418.12,0.0,0,145.0,0,23273.12,176.0,23097.12,0,0,0.0,0,0,21747.73,1349.39,23097.12,890.244,18988.116,57,,ทุ่งปอ
26/5/2569,,23928.72,0.0,69,23859.72,0.0,0,155.0,0,23704.72,376.0,23328.72,0,0,15.0,0,0,21972.28,1341.44,23313.72,762.056,19485.68,74,,ทุ่งปอ
27/5/2569,,22505.77,0.0,45,22460.77,0.0,0,105.0,0,22355.77,1091.0,21264.77,0,0,0.0,0,0,20041.39,1223.38,21264.77,731.04,18375.188,88,,ทุ่งปอ
28/5/2569,,31923.12,0.0,80,31843.12,0.0,0,220.0,0,31623.12,363.0,31260.12,0,0,30.0,0,0,29407.89,1822.23,31230.12,1080.298,25986.344,75,,ทุ่งปอ
29/5/2569,,21705.9,0.0,55,21650.9,0.0,0,215.0,0,21435.9,228.0,21207.9,0,0,0.0,0,0,20004.75,1203.15,21207.9,775.206,17722.518,88,,ทุ่งปอ
30/5/2569,,28710.56,0.0,66,28644.56,0.0,0,210.0,0,28434.56,300.0,28134.56,0,0,0.0,0,0,26456.85,1677.71,28134.56,864.064,23319.51,69,,ทุ่งปอ
31/5/2569,,25706.0,0.0,42,25664.0,0.0,0,155.0,0,25509.0,626.0,24883.0,0,0,0.0,0,0,23454.77,1428.23,24883.0,728.546,20758.6,91,,ทุ่งปอ
1/6/2569,,29294.98,0.0,18,29276.98,0.0,0,170.0,0,29106.98,600.0,28506.98,0,0,0.0,0,0,26877.29,1629.69,28506.98,998.946,23943.93,98,,ทุ่งปอ
2/6/2569,,25076.88,0.0,25,25051.88,0.0,0,105.0,0,24946.88,600.0,24346.88,0,0,0.0,0,0,22901.62,1445.26,24346.88,783.656,20011.998,82,,ทุ่งปอ
3/6/2569,,26922.62,0.0,6,26916.62,0.0,0,170.0,0,26746.62,500.0,26246.62,0,0,0.0,0,0,24743.38,1503.24,26246.62,777.506,21592.496,81,,ทุ่งปอ
4/6/2569,,22239.66,0.0,0,22239.66,0.0,0,105.0,0,22134.66,50.0,22084.66,0,0,0.0,0,0,20818.36,1266.3,22084.66,737.262,18137.36,74,,ทุ่งปอ
5/6/2569,,19388.89,0.0,9,19379.89,0.0,0,60.0,0,19319.89,550.0,18769.89,0,0,10.0,0,0,17679.97,1079.92,18759.89,542.714,15430.47,69,,ทุ่งปอ
6/6/2569,,22085.58,0.0,26,22059.58,0.0,0,130.0,0,21929.58,100.0,21829.58,0,0,0.0,0,0,20559.77,1269.81,21829.58,764.744,18008.83,86,,ทุ่งปอ
7/6/2569,,18841.82,0.0,8,18833.82,0.0,0,70.0,0,18763.82,300.0,18463.82,0,0,0.0,0,0,17380.0,1083.82,18463.82,536.172,14529.708,65,,ทุ่งปอ
8/6/2569,,26037.18,0.0,21,26016.18,0.0,0,185.0,0,25831.18,2000.0,23831.18,0,0,0.0,0,0,22500.62,1330.56,23831.18,937.36,20862.41,92,,ทุ่งปอ
9/6/2569,,25454.5,0.0,10,25444.5,0.0,0,145.0,0,25299.5,350.0,24949.5,0,0,10.0,0,0,23467.09,1472.41,24939.5,797.566,20515.478,89,,ทุ่งปอ
10/6/2569,,28063.58,0.0,21,28042.58,0.0,0,135.0,0,27907.58,1000.0,26907.58,0,0,0.0,0,0,25440.95,1466.63,26907.58,1067.538,23266.132,101,,ทุ่งปอ
11/6/2569,,26639.21,0.0,8,26631.21,0.0,0,190.0,0,26441.21,200.0,26241.21,0,0,0.0,0,0,24713.18,1528.03,26241.21,799.13,21738.38,83,,ทุ่งปอ
12/6/2569,,23682.41,0.0,15,23667.41,0.0,0,125.0,0,23542.41,250.0,23292.41,0,0,0.0,0,0,21895.21,1397.2,23292.41,734.364,18914.18,67,,ทุ่งปอ
13/6/2569,,23766.24,0.0,15,23751.24,0.0,0,245.0,0,23506.24,300.0,23206.24,0,0,0.0,0,0,21864.24,1342.0,23206.24,753.876,19599.85,85,,ทุ่งปอ
14/6/2569,,21938.52,0.0,20,21918.52,0.0,0,115.0,0,21803.52,50.0,21753.52,0,0,0.0,0,0,20520.5,1233.02,21753.52,701.452,17862.506,77,,ทุ่งปอ
15/6/2569,,31245.02,0.0,48,31197.02,0.0,0,235.0,0,30962.02,350.0,30612.02,0,0,5.0,0,0,28821.97,1785.05,30607.02,1053.006,25702.644,82,,ทุ่งปอ
16/6/2569,,31610.22,0.0,15,31595.22,0.0,0,237.0,0,31358.22,1000.0,30358.22,0,0,0.0,0,0,28563.33,1794.89,30358.22,955.338,25602.734,86,,ทุ่งปอ
17/6/2569,,23380.97,0.0,16,23364.97,0.0,0,55.0,0,23309.97,200.0,23109.97,0,0,0.0,0,0,21886.28,1223.69,23109.97,810.604,19294.36,94,,ทุ่งปอ
18/6/2569,,26419.18,0.0,26,26393.18,0.0,0,155.0,0,26238.18,1300.0,24938.18,0,0,0.0,0,0,23491.23,1446.95,24938.18,950.602,20974.416,87,,ทุ่งปอ
19/6/2569,,27698.86,0.0,24,27674.86,0.0,0,135.0,0,27539.86,900.0,26639.86,0,0,0.0,0,0,25040.35,1599.51,26639.86,899.2,22197.774,81,,ทุ่งปอ
20/6/2569,,18910.32,0.0,31,18879.32,0.0,0,105.0,0,18774.32,100.0,18674.32,0,0,0.0,0,0,17600.47,1073.85,18674.32,614.772,15332.906,75,,ทุ่งปอ
21/6/2569,,27206.41,0.0,21,27185.41,0.0,0,160.0,0,27025.41,200.0,26825.41,0,0,91.0,0,0,25211.34,1523.07,26734.41,912.838,22385.828,88,,ทุ่งปอ
22/6/2569,,23909.83,0.0,11,23898.83,0.0,0,160.0,0,23738.83,700.0,23038.83,0,0,0.0,0,0,21787.69,1251.14,23038.83,832.374,19701.682,80,,ทุ่งปอ
23/6/2569,,25813.66,0.0,30,25783.66,0.0,0,147.0,0,25636.66,350.0,25286.66,0,0,100.0,0,0,23760.86,1425.8,25186.66,869.406,20943.248,85,,ทุ่งปอ
24/6/2569,,22585.78,0.0,26,22559.78,0.0,0,105.0,0,22454.78,500.0,21954.78,0,0,0.0,0,0,20694.63,1260.15,21954.78,756.6,18460.65,85,,ทุ่งปอ
25/6/2569,,28932.71,0.0,51,28881.71,0.0,0,105.0,0,28776.71,400.0,28376.71,0,0,20.0,0,0,26679.92,1676.79,28356.71,875.626,23643.432,97,,ทุ่งปอ
26/6/2569,,28083.29,0.0,38,28045.29,0.0,0,245.0,0,27800.29,450.0,27350.29,0,0,0.0,0,0,25715.66,1634.63,27350.29,861.774,22380.248,74,,ทุ่งปอ
27/6/2569,,25100.36,0.0,19,25081.36,0.0,0,105.0,0,24976.36,150.0,24826.36,0,0,0.0,0,0,23438.67,1387.69,24826.36,824.946,20555.258,96,,ทุ่งปอ
28/6/2569,,24612.59,0.0,22,24590.59,0.0,0,155.0,0,24435.59,50.0,24385.59,0,0,0.0,0,0,23048.78,1336.81,24385.59,867.634,20167.538,87,,ทุ่งปอ
29/6/2569,,30976.67,0.0,14,30962.67,0.0,0,130.0,0,30832.67,50.0,30782.67,0,0,0.0,0,0,29059.03,1723.64,30782.67,1069.004,25004.416,94,,ทุ่งปอ
30/6/2569,,21089.96,0.0,14,21075.96,0.0,0,95.0,0,20980.96,150.0,20830.96,0,0,0.0,0,0,19625.81,1205.15,20830.96,706.11,17123.888,88,,ทุ่งปอ
1/7/2569,,24517.1,0.0,0,24517.1,0.0,0,85.0,0,24432.1,550.0,23882.1,0,0,0.0,0,0,22469.43,1412.67,23882.1,878.934,20191.57,82,,ทุ่งปอ
2/7/2569,,29692.3,0.0,0,29692.3,0.0,0,190.0,0,29502.3,2564.0,26938.3,0,0,26.0,0,0,25333.31,1578.99,26912.3,906.54,23880.128,121,,ทุ่งปอ
3/7/2569,,27880.05,0.0,0,27880.05,0.0,0,300.0,0,27580.05,106.0,27474.05,0,0,500.0,0,0,25360.99,1613.06,26974.05,887.458,22505.486,82,,ทุ่งปอ
4/7/2569,,25413.43,0.0,0,25413.43,0.0,0,155.0,0,25258.43,360.0,24898.43,0,0,578.0,0,0,22954.82,1365.61,24320.43,798.292,20681.954,81,,ทุ่งปอ
5/7/2569,,21742.64,0.0,0,21742.64,0.0,0,85.0,0,21657.64,404.0,21253.64,0,0,283.0,0,0,19759.08,1211.56,20970.64,715.08,17280.75,82,,ทุ่งปอ
6/7/2569,,24399.72,0.0,0,24399.72,0.0,0,93.0,0,24306.72,205.0,24101.72,0,0,304.0,0,0,22410.93,1386.79,23797.72,831.81,19884.004,94,,ทุ่งปอ
7/7/2569,,33314.38,0.0,0,33314.38,0.0,0,200.0,0,33114.38,559.0,32555.38,0,0,818.0,0,0,29878.1,1859.28,31737.38,1060.118,26761.946,86,,ทุ่งปอ
8/7/2569,,23994.88,0.0,0,23994.88,0.0,0,195.0,0,23799.88,56.0,23743.88,0,0,516.0,0,0,21881.07,1346.81,23227.88,862.31,19537.16,77,,ทุ่งปอ
9/7/2569,,25658.8,0.0,0,25658.8,0.0,0,275.0,0,25383.8,711.0,24672.8,0,0,378.0,0,0,22870.91,1423.89,24294.8,792.796,20906.76,91,,ทุ่งปอ
10/7/2569,,26316.88,0.0,0,26316.88,0.0,0,120.0,0,26196.88,162.0,26034.88,0,0,702.0,0,0,23897.81,1435.07,25332.88,833.534,21404.234,79,,ทุ่งปอ
11/7/2569,,26430.41,0.0,0,26430.41,0.0,0,230.0,0,26200.41,379.0,25821.41,0,0,538.0,0,0,23784.48,1498.93,25283.41,906.678,21783.646,90,,ทุ่งปอ
12/7/2569,,31742.96,0.0,0,31742.96,0.0,0,430.0,0,31312.96,58.0,31254.96,0,0,719.0,0,0,28757.42,1778.54,30535.96,1112.792,25910.0,89,,ทุ่งปอ
13/7/2569,,27408.35,0.0,0,27408.35,0.0,0,90.0,0,27318.35,415.0,26903.35,0,0,300.0,0,0,25072.88,1530.47,26603.35,934.842,21966.39,106,,ทุ่งปอ
14/7/2569,,24418.56,0.0,0,24418.56,0.0,0,160.0,0,24258.56,309.0,23949.56,0,0,499.0,0,0,22102.55,1348.01,23450.56,831.038,19802.416,81,,ทุ่งปอ
15/7/2569,,21205.08,0.0,0,21205.08,0.0,0,150.0,0,21055.08,662.0,20393.08,0,0,492.0,0,0,18769.68,1131.4,19901.08,689.464,16896.516,97,,ทุ่งปอ
16/7/2569,,22941.17,0.0,0,22941.17,0.0,0,150.0,0,22791.17,554.0,22237.17,0,0,382.0,0,0,20579.54,1275.63,21855.17,747.632,19024.374,80,,ทุ่งปอ
17/7/2569,,26529.81,0.0,0,26529.81,0.0,0,150.0,0,26379.81,264.0,26115.81,0,0,702.0,0,0,23911.27,1502.54,25413.81,784.232,20987.392,83,,ทุ่งปอ
18/7/2569,,28440.65,0.0,0,28440.65,0.0,0,90.0,0,28350.65,768.0,27582.65,0,0,589.0,0,0,25445.51,1548.14,26993.65,916.898,22888.802,93,,ทุ่งปอ
19/7/2569,,21483.91,0.0,0,21483.91,0.0,0,135.0,0,21348.91,207.0,21141.91,0,0,406.0,0,0,19554.1,1181.81,20735.91,639.736,17347.09,82,,ทุ่งปอ
20/7/2569,,24658.33,0.0,0,24658.33,0.0,0,170.0,0,24488.33,215.0,24273.33,0,0,408.0,0,0,22489.41,1375.92,23865.33,840.332,19935.944,87,,ทุ่งปอ
21/7/2569,,26236.22,0.0,0,26236.22,0.0,0,158.0,0,26078.22,504.0,25574.22,0,0,703.0,0,0,23436.24,1434.98,24871.22,765.818,20896.36,76,,ทุ่งปอ
22/7/2569,,22210.63,0.0,0,22210.63,0.0,0,75.0,0,22135.63,110.0,22025.63,0,0,479.0,0,0,20289.05,1257.58,21546.63,782.082,17619.638,80,,ทุ่งปอ
23/7/2569,,21419.51,0.0,0,21419.51,0.0,0,40.0,0,21379.51,570.0,20809.51,0,0,388.0,0,0,19245.01,1176.5,20421.51,677.51,17044.032,71,,ทุ่งปอ
24/7/2569,,30132.92,0.0,0,30132.92,0.0,0,160.0,0,29972.92,408.0,29564.92,0,0,729.0,0,0,27108.36,1727.56,28835.92,889.862,24316.402,88,,ทุ่งปอ
25/7/2569,,26243.05,0.0,0,26243.05,0.0,0,85.0,0,26158.05,761.0,25397.05,0,0,702.0,0,0,23218.5,1476.55,24695.05,951.79,21006.334,78,,ทุ่งปอ
26/7/2569,,20207.38,0.0,0,20207.38,0.0,0,190.0,0,20017.38,153.0,19864.38,0,0,423.0,0,0,18354.19,1087.19,19441.38,639.18,16167.434,76,,ทุ่งปอ
27/7/2569,,29440.7,0.0,0,29440.7,0.0,0,182.0,0,29258.7,150.0,29108.7,0,0,670.0,0,0,26777.29,1661.41,28438.7,1031.36,24108.994,99,,ทุ่งปอ
28/7/2569,,33928.34,0.0,0,33928.34,0.0,0,205.0,0,33723.34,409.0,33314.34,0,0,779.0,0,0,30629.81,1905.53,32535.34,1029.466,27263.168,106,,ทุ่งปอ
29/7/2569,,26094.31,0.0,0,26094.31,0.0,0,115.0,0,25979.31,400.0,25579.31,0,0,630.0,0,0,23486.6,1462.71,24949.31,818.028,20475.122,89,,ทุ่งปอ
30/7/2569,,27313.79,0.0,0,27313.79,0.0,0,155.0,0,27158.79,1403.0,25755.79,0,0,478.0,0,0,23836.7,1441.09,25277.79,819.96,22474.382,107,,ทุ่งปอ
31/7/2569,,32890.09,0.0,0,32890.09,0.0,0,445.0,0,32445.09,950.0,31495.09,0,0,620.0,0,0,29035.41,1839.68,30875.09,1097.902,26208.15,90,,ทุ่งปอ
1/8/2569,,27268.25,0.0,0,27268.25,0.0,0,107.0,0,27161.25,350.0,26811.25,0,0,0.0,0,0,25275.89,1535.36,26811.25,973.786,22074.098,86,,ทุ่งปอ
2/8/2569,,27598.19,0.0,0,27598.19,0.0,0,170.0,0,27428.19,1200.0,26228.19,0,0,0.0,0,0,24770.25,1457.94,26228.19,978.684,22347.61,99,,ทุ่งปอ
3/8/2569,,23490.67,0.0,0,23490.67,0.0,0,124.0,0,23366.67,700.0,22666.67,0,0,0.0,0,0,21385.43,1281.24,22666.67,807.898,19122.542,94,,ทุ่งปอ
4/8/2569,,20483.84,0.0,0,20483.84,0.0,0,120.0,0,20363.84,300.0,20063.84,0,0,70.0,0,0,18882.08,1111.76,19993.84,673.73,16726.57,82,,ทุ่งปอ
10/10/2568,,4866.0,0.0,0,4866.0,0.0,0,275.0,0,4591.0,0.0,4591.0,0,0,0.0,0,0,4292.63,298.37,4591.0,179.0,4054.44,31,,เจ้าพรหม
11/10/2568,,4570.0,0.0,0,4570.0,0.0,0,24.0,0,4546.0,199.0,4347.0,0,0,80.0,0,0,4070.06,196.94,4267.0,195.0,3819.02,37,,เจ้าพรหม
12/10/2568,,5050.0,0.0,0,5050.0,0.0,0,190.0,0,4860.0,0.0,4860.0,0,0,10.0,0,0,4601.8,248.2,4850.0,207.0,4211.47,39,,เจ้าพรหม
13/10/2568,,3937.0,0.0,0,3937.0,0.0,0,139.0,0,3798.0,0.0,3798.0,0,0,0.0,0,0,3599.9,198.1,3798.0,144.0,3280.54,28,,เจ้าพรหม
14/10/2568,,6925.0,0.0,0,6925.0,0.0,0,325.0,0,6600.0,0.0,6600.0,0,0,0.0,0,0,6224.58,375.42,6600.0,233.0,5915.24,41,,เจ้าพรหม
15/10/2568,,1509.0,0.0,0,1509.0,0.0,0,56.0,0,1453.0,0.0,1453.0,0,0,0.0,0,0,1388.49,64.51,1453.0,71.0,1234.52,19,,เจ้าพรหม
16/10/2568,,7779.0,0.0,0,7779.0,0.0,0,395.0,0,7384.0,0.0,7384.0,0,0,0.0,0,0,7000.55,383.45,7384.0,289.0,6570.59,44,,เจ้าพรหม
17/10/2568,,6107.0,0.0,0,6107.0,0.0,0,280.0,0,5827.0,0.0,5827.0,0,0,0.0,0,0,5521.81,305.19,5827.0,230.0,5095.45,44,,เจ้าพรหม
18/10/2568,,4489.0,0.0,0,4489.0,0.0,0,176.0,0,4313.0,0.0,4313.0,0,0,3.0,0,0,4119.33,190.67,4310.0,189.0,3756.0,40,,เจ้าพรหม
19/10/2568,,5204.0,0.0,0,5204.0,0.0,0,318.0,0,4886.0,0.0,4886.0,0,0,0.0,0,0,4643.6,242.4,4886.0,199.0,4333.04,31,,เจ้าพรหม
20/10/2568,,6162.0,0.0,0,6162.0,0.0,0,193.0,0,5969.0,0.0,5969.0,0,0,3.0,0,0,5641.13,324.87,5966.0,264.0,5172.79,47,,เจ้าพรหม
21/10/2568,,8739.0,0.0,0,8739.0,0.0,0,528.0,0,8211.0,0.0,8211.0,0,0,0.0,0,0,7761.52,449.48,8211.0,277.0,7353.0,53,,เจ้าพรหม
22/10/2568,,4668.0,0.0,0,4668.0,0.0,0,195.0,0,4473.0,0.0,4473.0,0,0,0.0,0,0,4217.0,256.0,4473.0,169.0,3954.23,35,,เจ้าพรหม
23/10/2568,,6299.0,0.0,0,6299.0,0.0,0,292.0,0,6007.0,0.0,6007.0,0,0,3.0,0,0,5683.67,320.33,6004.0,253.0,5275.22,53,,เจ้าพรหม
31/10/2568,,15232.0,0.0,0,15232.0,0.0,0,74.0,0,15158.0,0.0,15158.0,0,0,0.0,0,0,14170.26,987.74,15158.0,644.0,12707.08,154,,เจ้าพรหม
1/11/2568,,14688.0,0.0,0,14688.0,0.0,0,20.0,0,14668.0,0.0,14668.0,0,0,25.0,0,0,13762.18,880.82,14643.0,581.0,11920.83,141,,เจ้าพรหม
2/11/2568,,22024.0,0.0,0,22024.0,0.0,0,115.0,0,21909.0,0.0,21909.0,0,0,0.0,0,0,20924.43,984.57,21909.0,1101.0,17665.49,143,,เจ้าพรหม
3/11/2568,,17962.0,0.0,0,17962.0,0.0,0,70.0,0,17892.0,0.0,17892.0,0,0,0.0,0,0,16793.47,1098.53,17892.0,748.0,14917.78,149,,เจ้าพรหม
4/11/2568,,17611.0,0.0,0,17611.0,0.0,0,210.0,0,17401.0,0.0,17401.0,0,0,0.0,0,0,16346.33,1054.67,17401.0,717.0,14434.53,176,,เจ้าพรหม
5/11/2568,,20232.0,0.0,0,20232.0,0.0,0,90.0,0,20142.0,0.0,20142.0,0,0,0.0,0,0,19118.17,1023.83,20142.0,894.0,16430.74,135,,เจ้าพรหม
6/11/2568,,15802.0,0.0,0,15802.0,0.0,0,17.0,0,15785.0,0.0,15785.0,0,0,0.0,0,0,14899.53,885.47,15785.0,698.0,13261.41,148,,เจ้าพรหม
7/11/2568,,11243.0,0.0,0,11243.0,0.0,0,30.0,0,11213.0,0.0,11213.0,0,0,0.0,0,0,10615.0,598.0,11213.0,449.0,9377.64,139,,เจ้าพรหม
8/11/2568,,9163.0,0.0,0,9163.0,0.0,0,50.0,0,9113.0,0.0,9113.0,0,0,0.0,0,0,8634.62,478.38,9113.0,380.0,7641.5,125,,เจ้าพรหม
9/11/2568,,18526.0,0.0,0,18526.0,0.0,0,30.0,0,18496.0,0.0,18496.0,0,0,0.0,0,0,17463.32,1032.68,18496.0,958.0,15209.9,155,,เจ้าพรหม
10/11/2568,,21539.0,0.0,0,21539.0,0.0,0,103.0,0,21436.0,0.0,21436.0,0,0,0.0,0,0,20254.76,1181.24,21436.0,786.0,17925.8,180,,เจ้าพรหม
11/11/2568,,18520.0,0.0,0,18520.0,0.0,0,62.0,0,18458.0,0.0,18458.0,0,0,0.0,0,0,17476.3,981.7,18458.0,778.0,15319.18,171,,เจ้าพรหม
12/11/2568,,17062.0,0.0,0,17062.0,0.0,0,60.0,0,17002.0,0.0,17002.0,0,0,0.0,0,0,16046.37,955.63,17002.0,714.0,14133.02,165,,เจ้าพรหม
13/11/2568,,12802.0,0.0,0,12802.0,0.0,0,22.0,0,12780.0,0.0,12780.0,0,0,0.0,0,0,12070.77,709.23,12780.0,563.0,10588.11,125,,เจ้าพรหม
14/11/2568,,15626.0,0.0,0,15626.0,0.0,0,60.0,0,15566.0,0.0,15566.0,0,0,0.0,0,0,14756.55,809.45,15566.0,596.0,12515.78,147,,เจ้าพรหม
15/11/2568,,11816.0,0.0,0,11816.0,0.0,0,42.0,0,11774.0,0.0,11774.0,0,0,0.0,0,0,11164.11,609.89,11774.0,546.0,9617.33,132,,เจ้าพรหม
16/11/2568,,17911.0,0.0,0,17911.0,0.0,0,59.0,0,17852.0,0.0,17852.0,0,0,0.0,0,0,16855.83,996.17,17852.0,902.0,14512.0,142,,เจ้าพรหม
17/11/2568,,17428.0,0.0,0,17428.0,0.0,0,102.5,0,17325.5,0.0,17325.5,0,0,0.0,0,0,16309.56,1015.94,17325.5,666.0,14648.56,166,,เจ้าพรหม
18/11/2568,,15213.0,0.0,0,15213.0,0.0,0,90.0,0,15123.0,0.0,15123.0,0,0,0.0,0,0,14277.25,845.75,15123.0,637.0,12548.41,154,,เจ้าพรหม
19/11/2568,,16800.0,0.0,0,16800.0,0.0,0,125.0,0,16675.0,0.0,16675.0,0,0,0.0,0,0,15706.6,968.4,16675.0,597.0,13636.14,141,,เจ้าพรหม
20/11/2568,,15486.0,0.0,0,15486.0,0.0,0,40.0,0,15446.0,0.0,15446.0,0,0,0.0,0,0,14561.16,884.84,15446.0,642.0,12597.46,159,,เจ้าพรหม
21/11/2568,,14050.0,0.0,0,14050.0,0.0,0,60.0,0,13990.0,0.0,13990.0,0,0,0.0,0,0,13168.21,821.79,13990.0,606.0,11391.35,150,,เจ้าพรหม
22/11/2568,,13401.0,0.0,0,13401.0,0.0,0,70.0,0,13331.0,0.0,13331.0,0,0,0.0,0,0,12607.17,723.83,13331.0,540.0,11154.44,147,,เจ้าพรหม
23/11/2568,,13415.0,0.0,0,13415.0,0.0,0,42.0,0,13373.0,0.0,13373.0,0,0,0.0,0,0,12612.85,760.15,13373.0,560.0,11121.9,134,,เจ้าพรหม
24/11/2568,,17559.0,0.0,0,17559.0,0.0,0,120.0,0,17439.0,0.0,17439.0,0,0,0.0,0,0,16455.97,983.03,17439.0,684.0,14553.01,143,,เจ้าพรหม
25/11/2568,,14631.0,0.0,0,14631.0,0.0,0,110.0,0,14521.0,0.0,14521.0,0,0,0.0,0,0,13714.12,806.88,14521.0,626.0,11979.3,157,,เจ้าพรหม
26/11/2568,,18550.0,0.0,0,18550.0,0.0,0,100.0,0,18450.0,0.0,18450.0,0,0,0.0,0,0,17391.01,1058.99,18450.0,707.0,15115.43,136,,เจ้าพรหม
27/11/2568,,15322.0,0.0,0,15322.0,0.0,0,40.0,0,15282.0,0.0,15282.0,0,0,0.0,0,0,14422.26,859.74,15282.0,621.0,12612.51,157,,เจ้าพรหม
28/11/2568,,13936.0,0.0,0,13936.0,0.0,0,40.0,0,13896.0,0.0,13896.0,0,0,0.0,0,0,13129.31,766.69,13896.0,593.0,11590.48,150,,เจ้าพรหม
29/11/2568,,15107.0,0.0,0,15107.0,0.0,0,24.0,0,15083.0,0.0,15083.0,0,0,0.0,0,0,14254.91,828.09,15083.0,635.0,12553.02,166,,เจ้าพรหม
30/11/2568,,15958.0,0.0,0,15958.0,0.0,0,82.0,0,15876.0,0.0,15876.0,0,0,0.0,0,0,14957.7,918.3,15876.0,604.0,12875.86,141,,เจ้าพรหม
1/12/2568,,17289.0,0.0,0,17289.0,0.0,0,115.0,0,17174.0,0.0,17174.0,0,0,0.0,0,0,16211.29,962.71,17174.0,693.0,14403.55,155,,เจ้าพรหม
2/12/2568,,20205.0,0.0,0,20205.0,0.0,0,90.0,0,20115.0,0.0,20115.0,0,0,10.0,0,0,18935.94,1169.06,20105.0,730.0,17211.58,155,,เจ้าพรหม
3/12/2568,,18628.0,0.0,0,18628.0,0.0,0,72.0,0,18556.0,0.0,18556.0,0,0,0.0,0,0,17477.2,1078.8,18556.0,830.0,15152.09,155,,เจ้าพรหม
4/12/2568,,18180.0,0.0,0,18180.0,0.0,0,67.0,0,18113.0,0.0,18113.0,0,0,0.0,0,0,17097.73,1015.27,18113.0,705.0,14505.96,169,,เจ้าพรหม
5/12/2568,,14135.0,0.0,0,14135.0,0.0,0,60.0,0,14075.0,0.0,14075.0,0,0,0.0,0,0,13292.13,782.87,14075.0,604.0,11729.3,155,,เจ้าพรหม
6/12/2568,,11847.0,0.0,0,11847.0,0.0,0,10.0,0,11837.0,0.0,11837.0,0,0,0.0,0,0,11223.35,613.65,11837.0,539.0,9706.64,137,,เจ้าพรหม
7/12/2568,,14637.0,0.0,0,14637.0,0.0,0,40.0,0,14597.0,0.0,14597.0,0,0,0.0,0,0,13801.21,795.79,14597.0,544.0,11528.8,144,,เจ้าพรหม
8/12/2568,,23574.0,0.0,0,23574.0,0.0,0,80.0,0,23494.0,0.0,23494.0,0,0,0.0,0,0,22132.42,1361.58,23494.0,944.0,19308.34,164,,เจ้าพรหม
9/12/2568,,19007.0,0.0,0,19007.0,0.0,0,200.0,0,18807.0,0.0,18807.0,0,0,0.0,0,0,17752.95,1054.05,18807.0,695.0,15797.36,160,,เจ้าพรหม
10/12/2568,,14251.0,0.0,0,14251.0,0.0,0,77.0,0,14174.0,0.0,14174.0,0,0,0.0,0,0,13376.12,797.88,14174.0,532.0,11385.45,143,,เจ้าพรหม
11/12/2568,,16150.0,0.0,0,16150.0,0.0,0,85.0,0,16065.0,0.0,16065.0,0,0,0.0,0,0,15136.3,928.7,16065.0,733.0,13514.49,158,,เจ้าพรหม
12/12/2568,,16448.0,0.0,0,16448.0,0.0,0,56.0,0,16392.0,0.0,16392.0,0,0,0.0,0,0,15475.31,916.69,16392.0,650.0,13397.55,149,,เจ้าพรหม
13/12/2568,,11761.0,0.0,0,11761.0,0.0,0,30.0,0,11731.0,0.0,11731.0,0,0,0.0,0,0,11155.64,575.36,11731.0,541.0,9644.92,153,,เจ้าพรหม
14/12/2568,,15112.0,0.0,0,15112.0,0.0,0,140.0,0,14972.0,0.0,14972.0,0,0,0.0,0,0,14171.54,800.46,14972.0,558.0,12136.29,146,,เจ้าพรหม
15/12/2568,,18581.0,0.0,0,18581.0,0.0,0,105.0,0,18476.0,0.0,18476.0,0,0,0.0,0,0,17475.87,1000.13,18476.0,738.0,15314.3,150,,เจ้าพรหม
16/12/2568,,22122.0,0.0,0,22122.0,0.0,0,125.0,0,21997.0,0.0,21997.0,0,0,0.0,0,0,20749.03,1247.97,21997.0,790.0,18224.55,158,,เจ้าพรหม
17/12/2568,,15892.0,0.0,0,15892.0,0.0,0,92.0,0,15800.0,0.0,15800.0,0,0,0.0,0,0,14956.54,843.46,15800.0,561.0,12749.25,146,,เจ้าพรหม
18/12/2568,,18180.0,0.0,0,18180.0,0.0,0,95.0,0,18085.0,0.0,18085.0,0,0,0.0,0,0,17113.78,971.22,18085.0,680.0,14826.31,153,,เจ้าพรหม
19/12/2568,,17160.0,0.0,0,17160.0,0.0,0,85.0,0,17075.0,0.0,17075.0,0,0,0.0,0,0,16126.28,948.72,17075.0,667.0,14031.08,151,,เจ้าพรหม
20/12/2568,,11555.0,0.0,0,11555.0,0.0,0,30.0,0,11525.0,0.0,11525.0,0,0,0.0,0,0,10950.42,574.58,11525.0,456.0,9162.21,115,,เจ้าพรหม
21/12/2568,,15098.0,0.0,0,15098.0,0.0,0,37.0,0,15061.0,0.0,15061.0,0,0,0.0,0,0,14224.32,836.68,15061.0,582.0,12410.1,138,,เจ้าพรหม
22/12/2568,,20167.0,0.0,0,20167.0,0.0,0,125.0,0,20042.0,0.0,20042.0,0,0,0.0,0,0,18872.61,1169.39,20042.0,754.0,16587.42,149,,เจ้าพรหม
23/12/2568,,22448.0,0.0,0,22448.0,0.0,0,165.0,0,22283.0,0.0,22283.0,0,0,0.0,0,0,20995.66,1287.34,22283.0,846.0,18467.59,157,,เจ้าพรหม
24/12/2568,,19456.0,0.0,0,19456.0,0.0,0,87.0,0,19369.0,0.0,19369.0,0,0,0.0,0,0,18241.82,1127.18,19369.0,972.0,16050.27,157,,เจ้าพรหม
25/12/2568,,20149.0,0.0,0,20149.0,0.0,0,105.0,0,20044.0,0.0,20044.0,0,0,0.0,0,0,18907.38,1136.62,20044.0,709.0,16614.67,156,,เจ้าพรหม
26/12/2568,,18849.0,0.0,0,18849.0,0.0,0,52.0,0,18797.0,0.0,18797.0,0,0,0.0,0,0,17762.89,1034.11,18797.0,756.0,15294.68,157,,เจ้าพรหม
27/12/2568,,16851.0,0.0,0,16851.0,0.0,0,90.0,0,16761.0,0.0,16761.0,0,0,0.0,0,0,15846.87,914.13,16761.0,603.0,13211.07,133,,เจ้าพรหม
28/12/2568,,16611.0,0.0,0,16611.0,0.0,0,80.0,0,16531.0,0.0,16531.0,0,0,0.0,0,0,15611.88,919.12,16531.0,766.0,13421.42,128,,เจ้าพรหม
29/12/2568,,19242.0,0.0,0,19242.0,0.0,0,110.0,0,19132.0,0.0,19132.0,0,0,0.0,0,0,18007.5,1124.5,19132.0,701.0,16107.58,157,,เจ้าพรหม
30/12/2568,,23282.0,0.0,0,23282.0,0.0,0,260.0,0,23022.0,0.0,23022.0,0,0,0.0,0,0,21710.53,1311.47,23022.0,889.0,19408.89,185,,เจ้าพรหม
31/12/2568,,24525.0,0.0,0,24525.0,0.0,0,230.0,0,24295.0,0.0,24295.0,0,0,0.0,0,0,22903.32,1391.68,24295.0,880.0,20031.14,165,,เจ้าพรหม
1/1/2569,,18310.0,0.0,0,18310.0,0.0,0,110.0,0,18200.0,0.0,18200.0,0,0,0.0,0,0,17168.59,1031.41,18200.0,718.0,14966.18,146,,เจ้าพรหม
2/1/2569,,18091.0,0.0,0,18091.0,0.0,0,65.0,0,18026.0,0.0,18026.0,0,0,0.0,0,0,17062.49,963.51,18026.0,677.0,14592.77,147,,เจ้าพรหม
3/1/2569,,18743.0,0.0,0,18743.0,0.0,0,63.0,0,18680.0,0.0,18680.0,0,0,0.0,0,0,17738.58,941.42,18680.0,783.0,14532.95,160,,เจ้าพรหม
4/1/2569,,16517.0,0.0,0,16517.0,0.0,0,100.0,0,16417.0,0.0,16417.0,0,0,0.0,0,0,15566.99,850.01,16417.0,687.0,13512.19,155,,เจ้าพรหม
5/1/2569,,23849.0,0.0,0,23849.0,0.0,0,60.0,0,23789.0,0.0,23789.0,0,0,0.0,0,0,22371.09,1417.91,23789.0,852.0,19897.05,179,,เจ้าพรหม
6/1/2569,,18448.0,0.0,0,18448.0,0.0,0,160.0,0,18288.0,0.0,18288.0,0,0,0.0,0,0,17301.1,986.9,18288.0,693.0,15149.38,168,,เจ้าพรหม
7/1/2569,,20858.0,0.0,0,20858.0,0.0,0,85.0,0,20773.0,0.0,20773.0,0,0,0.0,0,0,19552.03,1220.97,20773.0,812.0,16839.17,166,,เจ้าพรหม
8/1/2569,,18419.0,0.0,0,18419.0,0.0,0,62.0,0,18357.0,0.0,18357.0,0,0,0.0,0,0,17287.56,1069.44,18357.0,845.0,15540.78,151,,เจ้าพรหม
9/1/2569,,18361.0,0.0,0,18361.0,0.0,0,90.0,0,18271.0,0.0,18271.0,0,0,0.0,0,0,17264.24,1006.76,18271.0,843.0,15200.23,141,,เจ้าพรหม
10/1/2569,,16291.0,0.0,32,16259.0,0.0,0,60.0,0,16199.0,0.0,16199.0,0,0,0.0,0,0,15332.99,866.01,16199.0,700.0,12894.67,161,,เจ้าพรหม
11/1/2569,,20456.0,0.0,10,20446.0,0.0,0,122.0,0,20324.0,0.0,20324.0,0,0,0.0,0,0,19164.06,1159.94,20324.0,876.0,16543.08,141,,เจ้าพรหม
12/1/2569,,21395.0,0.0,22,21373.0,0.0,0,145.0,0,21228.0,0.0,21228.0,0,0,0.0,0,0,19963.7,1264.3,21228.0,696.0,17706.68,166,,เจ้าพรหม
13/1/2569,,20526.0,0.0,10,20516.0,0.0,0,140.0,0,20376.0,0.0,20376.0,0,0,10.0,0,0,19233.65,1132.35,20366.0,834.0,16993.92,165,,เจ้าพรหม
14/1/2569,,19147.0,0.0,0,19147.0,0.0,0,165.0,0,18982.0,0.0,18982.0,0,0,0.0,0,0,17881.04,1100.96,18982.0,759.0,15868.02,177,,เจ้าพรหม
15/1/2569,,16662.0,0.0,0,16662.0,0.0,0,70.0,0,16592.0,0.0,16592.0,0,0,0.0,0,0,15643.25,948.75,16592.0,591.0,13635.66,134,,เจ้าพรหม
16/1/2569,,19185.0,0.0,0,19185.0,0.0,0,90.0,0,19095.0,0.0,19095.0,0,0,0.0,0,0,18062.96,1032.04,19095.0,735.0,15259.78,150,,เจ้าพรหม
17/1/2569,,17064.0,0.0,0,17064.0,0.0,0,12.0,0,17052.0,0.0,17052.0,0,0,0.0,0,0,16112.41,939.59,17052.0,597.0,13689.81,128,,เจ้าพรหม
18/1/2569,,18271.0,0.0,0,18271.0,0.0,0,65.0,0,18206.0,0.0,18206.0,0,0,0.0,0,0,17176.38,1029.62,18206.0,893.0,14901.62,140,,เจ้าพรหม
19/1/2569,,21925.0,0.0,0,21925.0,0.0,0,140.0,0,21785.0,0.0,21785.0,0,0,0.0,0,0,20523.53,1261.47,21785.0,903.0,18545.0,163,,เจ้าพรหม
20/1/2569,,21431.0,0.0,0,21431.0,0.0,0,100.0,0,21331.0,0.0,21331.0,0,0,0.0,0,0,20096.26,1234.74,21331.0,818.0,17594.22,163,,เจ้าพรหม
21/1/2569,,14232.0,0.0,0,14232.0,0.0,0,105.0,0,14127.0,0.0,14127.0,0,0,0.0,0,0,13317.32,809.68,14127.0,547.0,11902.0,132,,เจ้าพรหม
22/1/2569,,20273.0,0.0,0,20273.0,0.0,0,175.0,0,20098.0,0.0,20098.0,0,0,0.0,0,0,18908.77,1189.23,20098.0,742.0,16807.28,151,,เจ้าพรหม
23/1/2569,,18688.0,0.0,0,18688.0,0.0,0,130.0,0,18558.0,0.0,18558.0,0,0,0.0,0,0,17482.73,1075.27,18558.0,679.0,15233.83,158,,เจ้าพรหม
24/1/2569,,16312.0,0.0,0,16312.0,0.0,0,108.0,0,16204.0,0.0,16204.0,0,0,0.0,0,0,15319.46,884.54,16204.0,672.0,13356.71,138,,เจ้าพรหม
25/1/2569,,19058.0,0.0,21,19037.0,0.0,0,84.0,0,18953.0,0.0,18953.0,0,0,10.0,0,0,17886.1,1056.9,18943.0,823.0,15265.54,149,,เจ้าพรหม
26/1/2569,,25840.0,0.0,0,25840.0,0.0,0,195.0,0,25645.0,0.0,25645.0,0,0,0.0,0,0,24156.65,1488.35,25645.0,1005.0,21437.08,188,,เจ้าพรหม
27/1/2569,,19756.0,0.0,15,19741.0,0.0,0,90.0,0,19651.0,0.0,19651.0,0,0,0.0,0,0,18502.9,1148.1,19651.0,805.0,16315.54,163,,เจ้าพรหม
28/1/2569,,16004.0,0.0,2,16002.0,0.0,0,92.0,0,15910.0,0.0,15910.0,0,0,0.0,0,0,14987.21,922.79,15910.0,585.0,13303.0,133,,เจ้าพรหม
29/1/2569,,20524.0,0.0,2,20522.0,0.0,0,140.0,0,20382.0,0.0,20382.0,0,0,0.0,0,0,19196.94,1185.06,20382.0,744.0,17115.9,141,,เจ้าพรหม
30/1/2569,,15753.0,0.0,2,15751.0,0.0,0,140.0,0,15611.0,0.0,15611.0,0,0,0.0,0,0,14762.79,848.21,15611.0,655.0,13043.89,144,,เจ้าพรหม
31/1/2569,,15116.0,0.0,2,15114.0,0.0,0,10.0,0,15104.0,0.0,15104.0,0,0,0.0,0,0,14271.42,832.58,15104.0,641.0,12288.18,163,,เจ้าพรหม
1/2/2569,,20902.0,0.0,4,20898.0,0.0,0,99.0,0,20799.0,0.0,20799.0,0,0,0.0,0,0,19629.26,1169.74,20799.0,905.0,17174.81,155,,เจ้าพรหม
2/2/2569,,20580.0,0.0,0,20580.0,0.0,0,114.0,0,20466.0,0.0,20466.0,0,0,0.0,0,0,19295.25,1170.75,20466.0,858.0,17127.71,167,,เจ้าพรหม
3/2/2569,,19810.0,0.0,0,19810.0,0.0,0,160.0,0,19650.0,0.0,19650.0,0,0,0.0,0,0,18540.07,1109.93,19650.0,843.0,16548.8,160,,เจ้าพรหม
4/2/2569,,18688.0,0.0,0,18688.0,0.0,0,170.0,0,18518.0,0.0,18518.0,0,0,0.0,0,0,17421.91,1096.09,18518.0,773.0,15398.62,157,,เจ้าพรหม
5/2/2569,,15987.0,0.0,0,15987.0,0.0,0,95.0,0,15892.0,0.0,15892.0,0,0,0.0,0,0,14946.89,945.11,15892.0,774.0,12979.75,125,,เจ้าพรหม
6/2/2569,,18287.0,0.0,0,18287.0,0.0,0,25.0,0,18262.0,0.0,18262.0,0,0,0.0,0,0,17168.75,1093.25,18262.0,980.0,14718.59,132,,เจ้าพรหม
7/2/2569,,19695.0,0.0,0,19695.0,0.0,0,40.0,0,19655.0,0.0,19655.0,0,0,0.0,0,0,18540.35,1114.65,19655.0,835.0,16172.14,150,,เจ้าพรหม
8/2/2569,,18756.0,0.0,0,18756.0,0.0,0,60.0,0,18696.0,0.0,18696.0,0,0,0.0,0,0,17579.64,1116.36,18696.0,832.0,15419.25,134,,เจ้าพรหม
9/2/2569,,18676.0,0.0,0,18676.0,0.0,0,92.0,0,18584.0,0.0,18584.0,0,0,0.0,0,0,17500.08,1083.92,18584.0,728.0,15349.68,152,,เจ้าพรหม
10/2/2569,,18893.0,0.0,0,18893.0,0.0,0,120.0,0,18773.0,0.0,18773.0,0,0,0.0,0,0,17683.86,1089.14,18773.0,763.0,15674.55,152,,เจ้าพรหม
11/2/2569,,20332.0,0.0,0,20332.0,0.0,0,157.0,0,20175.0,0.0,20175.0,0,0,0.0,0,0,18994.38,1180.62,20175.0,845.0,16491.93,150,,เจ้าพรหม
12/2/2569,,17284.0,0.0,0,17284.0,0.0,0,130.0,0,17154.0,0.0,17154.0,0,0,0.0,0,0,16218.7,935.3,17154.0,660.0,14058.17,152,,เจ้าพรหม
13/2/2569,,21971.0,0.0,0,21971.0,0.0,0,184.0,0,21787.0,0.0,21787.0,0,0,0.0,0,0,20506.99,1280.01,21787.0,842.0,18112.99,158,,เจ้าพรหม
14/2/2569,,14686.0,0.0,877,13809.0,0.0,0,60.0,0,13749.0,0.0,13749.0,0,0,100.0,0,0,12883.7,765.3,13649.0,606.0,11779.6,126,,เจ้าพรหม
15/2/2569,,25191.0,0.0,1233,23958.0,0.0,0,39.0,0,23919.0,0.0,23919.0,0,0,576.0,0,0,22001.24,1341.76,23343.0,1077.0,20766.39,166,,เจ้าพรหม
16/2/2569,,21757.0,0.0,1231,20526.0,0.0,0,144.0,0,20382.0,0.0,20382.0,0,0,376.0,0,0,18866.65,1139.35,20006.0,892.0,18150.73,141,,เจ้าพรหม
17/2/2569,,20764.0,0.0,1203,19561.0,0.0,0,60.0,0,19501.0,0.0,19501.0,0,0,890.0,0,0,17536.6,1074.4,18611.0,864.0,17027.14,154,,เจ้าพรหม
18/2/2569,,21362.0,0.0,1259,20103.0,7.0,0,110.0,0,19986.0,0.0,19986.0,0,0,438.0,0,0,18414.09,1133.91,19548.0,936.0,17748.54,141,,เจ้าพรหม
19/2/2569,,28960.0,0.0,1141,27819.0,144.0,0,360.0,0,27315.0,0.0,27315.0,0,0,1354.0,0,0,24466.65,1494.35,25961.0,1059.0,24262.99,185,,เจ้าพรหม
20/2/2569,,21373.0,0.0,0,21373.0,0.0,0,120.0,0,21253.0,0.0,21253.0,0,0,940.0,0,0,19141.03,1171.97,20313.0,825.0,18163.96,158,,เจ้าพรหม
21/2/2569,,23876.0,0.0,0,23876.0,0.0,0,230.0,0,23646.0,0.0,23646.0,0,0,676.0,0,0,21704.45,1265.55,22970.0,860.0,19764.16,164,,เจ้าพรหม
22/2/2569,,20180.0,0.0,0,20180.0,0.0,0,132.0,0,20048.0,0.0,20048.0,0,0,288.0,0,0,18635.67,1124.33,19760.0,879.0,16748.06,139,,เจ้าพรหม
23/2/2569,,22254.0,0.0,0,22254.0,0.0,0,150.0,0,22104.0,0.0,22104.0,0,0,438.0,0,0,20380.89,1285.11,21666.0,954.0,18717.49,152,,เจ้าพรหม
24/2/2569,,19883.0,0.0,0,19883.0,0.0,0,295.0,0,19588.0,0.0,19588.0,0,0,588.0,0,0,17893.92,1106.08,19000.0,734.0,16607.64,152,,เจ้าพรหม
25/2/2569,,23672.0,0.0,0,23672.0,0.0,0,150.0,0,23522.0,0.0,23522.0,0,0,802.0,0,0,21353.6,1366.4,22720.0,877.0,19813.79,155,,เจ้าพรหม
26/2/2569,,18536.0,0.0,0,18536.0,0.0,0,265.0,0,18271.0,0.0,18271.0,0,0,738.0,0,0,16494.61,1038.39,17533.0,736.0,15341.96,168,,เจ้าพรหม
27/2/2569,,17814.0,0.0,0,17814.0,0.0,0,366.0,0,17448.0,0.0,17448.0,0,0,414.0,0,0,16070.96,963.04,17034.0,730.0,14770.51,136,,เจ้าพรหม
28/2/2569,,22692.0,0.0,0,22692.0,0.0,0,376.0,0,22316.0,0.0,22316.0,0,0,1630.0,0,0,19536.6,1149.4,20686.0,842.0,18686.2,123,,เจ้าพรหม
1/3/2569,,23127.0,0.0,0,23127.0,0.0,0,130.0,0,22997.0,0.0,22997.0,0,0,200.0,0,0,21492.2,1304.8,22797.0,931.0,18858.93,157,,เจ้าพรหม
2/3/2569,,21484.0,0.0,8,21476.0,0.0,0,204.0,0,21272.0,0.0,21272.0,0,0,200.0,0,0,19838.08,1233.92,21072.0,889.0,18035.69,182,,เจ้าพรหม
3/3/2569,,21685.0,0.0,0,21685.0,0.0,0,150.0,0,21535.0,0.0,21535.0,0,0,100.0,0,0,20249.68,1185.32,21435.0,787.0,17617.52,164,,เจ้าพรหม
4/3/2569,,24702.0,0.0,10,24692.0,0.0,0,247.0,0,24445.0,0.0,24445.0,0,0,100.0,0,0,22952.22,1392.78,24345.0,1038.0,20494.65,167,,เจ้าพรหม
5/3/2569,,22165.0,0.0,9,22156.0,0.0,0,117.0,0,22039.0,0.0,22039.0,0,0,100.0,0,0,20663.85,1275.15,21939.0,770.0,18263.63,158,,เจ้าพรหม
6/3/2569,,21898.0,0.0,0,21898.0,0.0,0,180.0,0,21718.0,0.0,21718.0,0,0,50.0,0,0,20403.57,1264.43,21668.0,825.0,18153.31,160,,เจ้าพรหม
7/3/2569,,16666.0,0.0,0,16666.0,0.0,0,58.0,0,16608.0,0.0,16608.0,0,0,100.0,0,0,15593.47,914.53,16508.0,690.0,13596.78,163,,เจ้าพรหม
8/3/2569,,16139.0,0.0,18,16121.0,0.0,0,84.0,0,16037.0,0.0,16037.0,0,0,0.0,0,0,15110.41,926.59,16037.0,652.0,13126.55,149,,เจ้าพรหม
9/3/2569,,22090.0,0.0,42,22048.0,0.0,0,160.0,0,21888.0,0.0,21888.0,0,0,150.0,0,0,20435.59,1302.41,21738.0,846.0,18428.82,142,,เจ้าพรหม
10/3/2569,,21980.0,0.0,57,21923.0,0.0,0,140.0,0,21783.0,0.0,21783.0,0,0,200.0,0,0,20353.43,1229.57,21583.0,924.0,18364.62,179,,เจ้าพรหม
11/3/2569,,20825.0,0.0,57,20768.0,0.0,0,395.0,0,20373.0,8.0,20365.0,0,0,100.0,0,0,19047.65,1217.35,20265.0,757.0,17129.26,158,,เจ้าพรหม
12/3/2569,,18918.0,0.0,29,18889.0,0.0,0,195.0,0,18694.0,0.0,18694.0,0,0,150.0,0,0,17448.13,1095.87,18544.0,702.0,15888.3,144,,เจ้าพรหม
13/3/2569,,22867.0,0.0,81,22786.0,0.0,0,225.0,0,22561.0,0.0,22561.0,0,0,100.0,0,0,21154.71,1306.29,22461.0,837.0,18549.19,173,,เจ้าพรหม
14/3/2569,,15766.0,0.0,17,15749.0,0.0,0,145.0,0,15604.0,0.0,15604.0,0,0,250.0,0,0,14512.66,841.34,15354.0,630.0,13096.68,152,,เจ้าพรหม
15/3/2569,,16364.0,0.0,33,16331.0,0.0,0,85.0,0,16246.0,0.0,16246.0,0,0,450.0,0,0,14882.12,913.88,15796.0,684.0,13383.28,151,,เจ้าพรหม
16/3/2569,,25702.0,0.0,32,25670.0,0.0,0,205.0,0,25465.0,0.0,25465.0,0,0,300.0,0,0,23636.73,1528.27,25165.0,1006.0,21498.41,158,,เจ้าพรหม
17/3/2569,,22260.0,0.0,53,22207.0,0.0,0,180.0,0,22027.0,0.0,22027.0,0,0,200.0,0,0,20546.85,1280.15,21827.0,885.0,18273.79,177,,เจ้าพรหม
18/3/2569,,18638.0,0.0,52,18586.0,0.0,0,102.0,0,18484.0,0.0,18484.0,0,0,250.0,0,0,17150.35,1083.65,18234.0,892.0,15295.41,137,,เจ้าพรหม
19/3/2569,,23148.0,0.0,76,23072.0,0.0,0,152.0,0,22920.0,700.0,22220.0,0,0,550.0,0,0,20364.23,1305.77,21670.0,936.0,18898.55,161,,เจ้าพรหม
20/3/2569,,21281.0,0.0,79,21202.0,0.0,0,120.0,0,21082.0,1050.0,20032.0,0,0,200.0,0,0,18691.14,1140.86,19832.0,833.0,17804.61,173,,เจ้าพรหม
21/3/2569,,19742.0,0.0,38,19704.0,0.0,0,85.0,0,19619.0,1150.0,18469.0,0,0,500.0,0,0,16968.4,1000.6,17969.0,803.0,16200.33,154,,เจ้าพรหม
22/3/2569,,17718.0,0.0,63,17655.0,0.0,0,140.0,0,17515.0,600.0,16915.0,0,0,700.0,0,0,15278.87,936.13,16215.0,625.0,14798.37,145,,เจ้าพรหม
23/3/2569,,19242.0,0.0,29,19213.0,0.0,0,210.0,0,19003.0,700.0,18303.0,0,0,400.0,0,0,16824.5,1078.5,17903.0,762.0,16308.43,126,,เจ้าพรหม
24/3/2569,,19865.0,0.0,45,19820.0,0.0,0,287.0,0,19533.0,800.0,18733.0,0,0,400.0,0,0,17242.87,1090.13,18333.0,842.0,16569.44,158,,เจ้าพรหม
25/3/2569,,19253.0,0.0,36,19217.0,0.0,0,155.0,0,19062.0,400.0,18662.0,0,0,50.0,0,0,17556.02,1055.98,18612.0,717.0,15880.54,140,,เจ้าพรหม
26/3/2569,,24724.0,0.0,58,24666.0,0.0,0,130.0,0,24536.0,350.0,24186.0,0,0,414.81,0,0,22398.6,1372.59,23771.19,1022.0,20302.45,155,,เจ้าพรหม
27/3/2569,,21714.0,0.0,60,21654.0,0.0,0,145.0,0,21509.0,450.0,21059.0,0,0,500.0,0,0,19429.86,1129.14,20559.0,847.0,18115.24,151,,เจ้าพรหม
28/3/2569,,22869.0,0.0,32,22837.0,0.0,0,265.0,0,22572.0,50.0,22522.0,0,0,600.0,0,0,20667.07,1254.93,21922.0,883.0,18912.74,176,,เจ้าพรหม
29/3/2569,,18848.0,0.0,47,18801.0,0.0,0,45.0,0,18756.0,0.0,18756.0,0,0,100.0,0,0,17569.4,1086.6,18656.0,714.0,15685.83,150,,เจ้าพรหม
30/3/2569,,18981.0,0.0,62,18919.0,0.0,0,55.0,0,18864.0,0.0,18864.0,0,0,60.0,0,0,17677.36,1126.64,18804.0,766.0,15673.01,142,,เจ้าพรหม
31/3/2569,,23283.0,0.0,91,23192.0,0.0,0,155.0,0,23037.0,500.0,22537.0,0,0,50.0,0,0,21187.37,1299.63,22487.0,904.0,19178.88,148,,เจ้าพรหม
1/4/2569,,24852.0,0.0,16,24836.0,0.0,0,115.0,0,24721.0,650.0,24071.0,0,0,60.0,0,0,22570.93,1440.07,24011.0,1052.0,20800.47,154,,เจ้าพรหม
2/4/2569,,24040.0,0.0,59,23981.0,0.0,0,85.0,0,23896.0,250.0,23646.0,0,0,125.0,0,0,22119.21,1401.79,23521.0,938.0,19741.7,169,,เจ้าพรหม
3/4/2569,,16469.0,0.0,47,16422.0,0.0,0,125.0,0,16297.0,250.0,16047.0,0,0,60.0,0,0,15032.93,954.07,15987.0,667.0,13844.72,153,,เจ้าพรหม
4/4/2569,,18425.0,0.0,21,18404.0,0.0,0,95.0,0,18309.0,150.0,18159.0,0,0,210.0,0,0,16902.34,1046.66,17949.0,659.0,15197.7,143,,เจ้าพรหม
5/4/2569,,19040.0,0.0,39,19001.0,0.0,0,135.0,0,18866.0,250.0,18616.0,0,0,100.0,0,0,17455.6,1060.4,18516.0,663.0,15591.5,148,,เจ้าพรหม
6/4/2569,,24285.0,0.0,35,24250.0,0.0,0,110.0,0,24140.0,150.0,23990.0,0,0,200.0,0,0,22428.44,1361.56,23790.0,906.0,20072.21,166,,เจ้าพรหม
7/4/2569,,17670.0,0.0,27,17643.0,0.0,0,115.0,0,17528.0,200.0,17328.0,0,0,10.0,0,0,16296.94,1021.06,17318.0,712.0,14698.64,137,,เจ้าพรหม
8/4/2569,,18527.0,0.0,66,18461.0,0.0,0,100.0,0,18361.0,200.0,18161.0,0,0,50.0,0,0,17004.19,1106.81,18111.0,742.0,15415.64,137,,เจ้าพรหม
9/4/2569,,23228.0,0.0,34,23194.0,0.0,0,127.0,0,23067.0,250.0,22817.0,0,0,50.0,0,0,21421.86,1345.14,22767.0,968.0,19208.7,176,,เจ้าพรหม
10/4/2569,,25238.5,0.0,73,25165.5,0.0,0,195.0,0,24970.5,300.0,24670.5,0,0,0.0,0,0,23210.25,1460.25,24670.5,892.0,20854.73,172,,เจ้าพรหม
11/4/2569,,22868.5,0.0,46,22822.5,0.0,0,130.0,0,22692.5,450.0,22242.5,0,0,0.0,0,0,20968.9,1273.6,22242.5,819.0,19157.02,152,,เจ้าพรหม
12/4/2569,,27372.0,0.0,37,27335.0,0.0,0,160.0,0,27175.0,50.0,27125.0,0,0,100.0,0,0,25496.33,1528.67,27025.0,996.0,21986.03,207,,เจ้าพรหม
13/4/2569,,27796.0,0.0,18,27778.0,0.0,0,255.0,0,27523.0,200.0,27323.0,0,0,50.0,0,0,25712.74,1560.26,27273.0,969.0,23107.05,167,,เจ้าพรหม
14/4/2569,,25862.0,0.0,72,25790.0,0.0,0,125.0,0,25665.0,350.0,25315.0,0,0,150.0,0,0,23755.6,1409.4,25165.0,882.0,21333.21,162,,เจ้าพรหม
15/4/2569,,23312.0,0.0,26,23286.0,0.0,0,165.0,0,23121.0,0.0,23121.0,0,0,50.0,0,0,21759.29,1311.71,23071.0,833.0,19450.21,136,,เจ้าพรหม
16/4/2569,,24908.0,0.0,115,24793.0,0.0,0,145.0,0,24648.0,100.0,24548.0,0,0,50.0,0,0,23061.52,1436.48,24498.0,1032.0,20942.09,159,,เจ้าพรหม
17/4/2569,,25570.0,0.0,34,25536.0,0.0,0,220.0,0,25316.0,550.0,24766.0,0,0,100.0,0,0,23229.92,1436.08,24666.0,954.0,21050.35,167,,เจ้าพรหม
18/4/2569,,21638.0,0.0,22,21616.0,0.0,0,100.0,0,21516.0,100.0,21416.0,0,0,0.0,0,0,20218.0,1198.0,21416.0,846.0,16909.18,165,,เจ้าพรหม
19/4/2569,,21556.0,0.0,15,21541.0,0.0,0,250.0,0,21291.0,200.0,21091.0,0,0,0.0,0,0,19858.86,1232.14,21091.0,760.0,17318.26,144,,เจ้าพรหม
20/4/2569,,24805.0,0.0,94,24711.0,0.0,0,185.0,0,24526.0,300.0,24226.0,0,0,50.0,0,0,22724.5,1451.5,24176.0,915.0,20106.84,141,,เจ้าพรหม
21/4/2569,,22616.0,0.0,28,22588.0,0.0,0,140.0,0,22448.0,250.0,22198.0,0,0,50.0,0,0,20872.7,1275.3,22148.0,955.0,18522.66,162,,เจ้าพรหม
22/4/2569,,21267.0,0.0,56,21211.0,0.0,0,40.0,0,21171.0,150.0,21021.0,0,0,130.0,0,0,19624.24,1266.76,20891.0,738.0,16873.36,124,,เจ้าพรหม
23/4/2569,,27048.0,0.0,46,27002.0,0.0,0,275.0,0,26727.0,750.0,25977.0,0,0,10.0,0,0,24438.12,1528.88,25967.0,934.0,21800.21,154,,เจ้าพรหม
24/4/2569,,21231.0,0.0,78,21153.0,0.0,0,105.0,0,21048.0,550.0,20498.0,0,0,70.0,0,0,19231.54,1196.46,20428.0,729.0,17145.75,156,,เจ้าพรหม
25/4/2569,,25433.0,0.0,97,25336.0,0.0,0,125.0,0,25211.0,250.0,24961.0,0,0,50.0,0,0,23494.72,1416.28,24911.0,899.0,20075.59,162,,เจ้าพรหม
26/4/2569,,17031.0,0.0,22,17009.0,0.0,0,130.0,0,16879.0,150.0,16729.0,0,0,20.0,0,0,15750.18,958.82,16709.0,646.0,14080.3,146,,เจ้าพรหม
27/4/2569,,25845.0,0.0,204,25641.0,0.0,0,200.0,0,25441.0,350.0,25091.0,0,0,0.0,0,0,23628.22,1462.78,25091.0,955.0,20933.55,151,,เจ้าพรหม
28/4/2569,,28298.0,0.0,74,28224.0,0.0,0,195.0,0,28029.0,500.0,27529.0,0,0,100.0,0,0,25777.33,1651.67,27429.0,1147.0,22599.26,181,,เจ้าพรหม
29/4/2569,,24284.0,0.0,62,24222.0,0.0,0,90.0,0,24132.0,100.0,24032.0,0,0,50.0,0,0,22606.21,1375.79,23982.0,833.0,19702.24,154,,เจ้าพรหม
30/4/2569,,27386.0,0.0,137,27249.0,0.0,0,120.0,0,27129.0,550.0,26579.0,0,0,250.0,0,0,24772.95,1556.05,26329.0,992.0,22180.15,171,,เจ้าพรหม
1/5/2569,,28559.0,0.0,7,28552.0,0.0,0,165.0,0,28387.0,600.0,27787.0,0,0,0.0,0,0,26148.05,1638.95,27787.0,1075.0,23281.88,184,,เจ้าพรหม
2/5/2569,,20751.0,0.0,10,20741.0,0.0,0,60.0,0,20681.0,200.0,20481.0,0,0,0.0,0,0,19336.21,1144.79,20481.0,801.0,16715.26,148,,เจ้าพรหม
3/5/2569,,20048.0,0.0,9,20039.0,0.0,0,55.0,0,19984.0,300.0,19684.0,0,0,0.0,0,0,18532.53,1151.47,19684.0,748.0,16221.46,152,,เจ้าพรหม
4/5/2569,,23892.0,0.0,3,23889.0,0.0,0,160.0,0,23729.0,450.0,23279.0,0,0,0.0,0,0,21901.93,1377.07,23279.0,969.0,19391.63,158,,เจ้าพรหม
5/5/2569,,17231.0,0.0,4,17227.0,0.0,0,170.0,0,17057.0,150.0,16907.0,0,0,0.0,0,0,15903.78,1003.22,16907.0,699.0,14164.71,134,,เจ้าพรหม
6/5/2569,,23656.0,0.0,3,23653.0,0.0,0,145.0,0,23508.0,150.0,23358.0,0,0,0.0,0,0,21970.24,1387.76,23358.0,856.0,19041.27,144,,เจ้าพรหม
7/5/2569,,17817.5,0.0,4,17813.5,0.0,0,135.0,0,17678.5,300.0,17378.5,0,0,0.0,0,0,16327.61,1050.89,17378.5,754.0,14488.64,138,,เจ้าพรหม
8/5/2569,,22014.5,0.0,4,22010.5,0.0,0,40.0,0,21970.5,100.0,21870.5,0,0,20.0,0,0,20560.3,1290.2,21850.5,798.0,18216.23,162,,เจ้าพรหม
9/5/2569,,18269.0,0.0,3,18266.0,0.0,0,80.0,0,18186.0,300.0,17886.0,0,0,0.0,0,0,16876.38,1009.62,17886.0,648.0,14704.87,143,,เจ้าพรหม
10/5/2569,,22656.0,0.0,0,22656.0,0.0,0,115.0,0,22541.0,400.0,22141.0,0,0,0.0,0,0,20819.91,1321.09,22141.0,996.0,18314.5,149,,เจ้าพรหม
11/5/2569,,21523.0,0.0,0,21523.0,0.0,0,50.0,0,21473.0,600.0,20873.0,0,0,0.0,0,0,19630.22,1242.78,20873.0,976.0,17769.39,128,,เจ้าพรหม
12/5/2569,,24126.0,0.0,14,24112.0,0.0,0,250.0,0,23862.0,350.0,23512.0,0,0,0.0,0,0,22139.62,1372.38,23512.0,837.0,19466.84,145,,เจ้าพรหม
13/5/2569,,18452.5,0.0,6,18446.5,0.0,0,70.0,0,18376.5,300.0,18076.5,0,0,0.0,0,0,17035.99,1040.51,18076.5,765.0,15059.96,140,,เจ้าพรหม
14/5/2569,,23377.4,0.0,3,23374.4,0.0,0,170.0,0,23204.4,650.0,22554.4,0,0,0.0,0,0,21181.65,1372.75,22554.4,972.0,18876.31,143,,เจ้าพรหม
15/5/2569,,22776.0,0.0,4,22772.0,0.0,0,90.0,0,22682.0,150.0,22532.0,0,0,0.0,0,0,21188.26,1343.74,22532.0,830.0,18362.52,144,,เจ้าพรหม
16/5/2569,,20118.0,0.0,0,20118.0,0.0,0,65.0,0,20053.0,250.0,19803.0,0,0,0.0,0,0,18681.39,1121.61,19803.0,780.0,16856.62,157,,เจ้าพรหม
17/5/2569,,20182.0,0.0,0,20182.0,0.0,0,65.0,0,20117.0,50.0,20067.0,0,0,0.0,0,0,18927.56,1139.44,20067.0,846.0,16488.14,168,,เจ้าพรหม
18/5/2569,,26297.0,0.0,26,26271.0,0.0,0,150.0,0,26121.0,600.0,25521.0,0,0,0.0,0,0,24037.69,1483.31,25521.0,1042.0,21920.9,161,,เจ้าพรหม
19/5/2569,,23146.0,0.0,4,23142.0,0.0,0,190.0,0,22952.0,200.0,22752.0,0,0,0.0,0,0,21390.07,1361.93,22752.0,898.0,18811.46,157,,เจ้าพรหม
20/5/2569,,21375.0,0.0,37,21338.0,0.0,0,80.0,0,21258.0,50.0,21208.0,0,0,0.0,0,0,19968.11,1239.89,21208.0,813.0,17634.06,151,,เจ้าพรหม
21/5/2569,,26108.0,0.0,26,26082.0,0.0,0,225.0,0,25857.0,400.0,25457.0,0,0,0.0,0,0,23907.13,1549.87,25457.0,1026.0,21391.07,158,,เจ้าพรหม
22/5/2569,,20425.0,0.0,3,20422.0,0.0,0,80.0,0,20342.0,150.0,20192.0,0,0,0.0,0,0,19011.46,1180.54,20192.0,749.0,16401.42,147,,เจ้าพรหม
23/5/2569,,18377.0,0.0,0,18377.0,0.0,0,55.0,0,18322.0,250.0,18072.0,0,0,0.0,0,0,17053.95,1018.05,18072.0,682.0,14625.42,157,,เจ้าพรหม
24/5/2569,,18260.0,0.0,3,18257.0,0.0,0,120.0,0,18137.0,450.0,17687.0,0,0,0.0,0,0,16666.38,1020.62,17687.0,726.0,14872.85,144,,เจ้าพรหม
25/5/2569,,31254.0,0.0,4,31250.0,0.0,0,165.0,0,31085.0,450.0,30635.0,0,0,10.0,0,0,28802.55,1822.45,30625.0,1536.0,25992.64,181,,เจ้าพรหม
26/5/2569,,21627.0,0.0,11,21616.0,0.0,0,155.0,0,21461.0,200.0,21261.0,0,0,0.0,0,0,20027.37,1233.63,21261.0,830.0,17469.15,154,,เจ้าพรหม
27/5/2569,,22272.0,0.0,6,22266.0,0.0,0,100.0,0,22166.0,150.0,22016.0,0,0,0.0,0,0,20712.82,1303.18,22016.0,935.0,18347.43,163,,เจ้าพรหม
28/5/2569,,23508.5,0.0,9,23499.5,0.0,0,135.0,0,23364.5,300.0,23064.5,0,0,0.0,0,0,21753.63,1310.87,23064.5,897.0,19257.78,158,,เจ้าพรหม
29/5/2569,,24414.0,0.0,16,24398.0,0.0,0,110.0,0,24288.0,250.0,24038.0,0,0,0.0,0,0,22614.65,1423.35,24038.0,804.0,20038.36,141,,เจ้าพรหม
30/5/2569,,19117.0,0.0,0,19117.0,0.0,0,75.0,0,19042.0,550.0,18492.0,0,0,0.0,0,0,17448.56,1043.44,18492.0,702.0,14942.92,151,,เจ้าพรหม
31/5/2569,,22493.0,0.0,10,22483.0,0.0,0,70.0,0,22413.0,300.0,22113.0,0,0,10.0,0,0,20841.94,1261.06,22103.0,847.0,18277.65,161,,เจ้าพรหม
1/6/2569,,28705.0,0.0,47,28658.0,0.0,0,150.0,0,28508.0,600.0,27908.0,0,0,10.0,0,0,26286.05,1611.95,27898.0,1096.0,23377.95,176,,เจ้าพรหม
2/6/2569,,21499.5,0.0,2,21497.5,0.0,0,135.0,0,21362.5,400.0,20962.5,0,0,0.0,0,0,19806.11,1156.39,20962.5,833.0,17455.95,154,,เจ้าพรหม
3/6/2569,,27817.0,0.0,14,27803.0,0.0,0,195.0,0,27608.0,250.0,27358.0,0,0,0.0,0,0,25758.6,1599.4,27358.0,1016.0,22284.33,173,,เจ้าพรหม
4/6/2569,,25044.0,0.0,0,25044.0,0.0,0,150.0,0,24894.0,350.0,24544.0,0,0,0.0,0,0,23095.54,1448.46,24544.0,1089.0,20593.49,160,,เจ้าพรหม
5/6/2569,,20822.5,0.0,-268,21090.5,0.0,0,105.0,0,20985.5,350.0,20635.5,0,0,30.0,0,0,19428.58,1176.92,20605.5,747.0,16779.7,146,,เจ้าพรหม
6/6/2569,,21279.5,0.0,-252,21531.5,0.0,0,85.0,0,21446.5,150.0,21296.5,0,0,0.0,0,0,20074.39,1222.11,21296.5,771.0,17152.11,143,,เจ้าพรหม
7/6/2569,,19576.0,0.0,-137,19713.0,0.0,0,115.0,0,19598.0,200.0,19398.0,0,0,0.0,0,0,18246.17,1151.83,19398.0,773.0,15930.04,135,,เจ้าพรหม
8/6/2569,,26765.8,0.0,-258,27023.8,0.0,0,175.0,0,26848.8,593.0,26255.8,0,0,0.0,0,0,24726.86,1528.94,26255.8,986.0,22235.23,166,,เจ้าพรหม
9/6/2569,,22731.0,0.0,-272,23003.0,0.0,0,105.0,0,22898.0,491.0,22407.0,0,0,0.0,0,0,21134.78,1272.22,22407.0,900.0,18404.15,159,,เจ้าพรหม
10/6/2569,,23956.5,0.0,-234,24190.5,0.0,0,125.0,0,24065.5,1139.0,22926.5,0,0,0.0,0,0,21583.2,1343.3,22926.5,977.0,19487.17,151,,เจ้าพรหม
11/6/2569,,23082.5,0.0,-139,23221.5,0.0,0,110.0,0,23111.5,796.0,22315.5,0,0,0.0,0,0,20987.23,1328.27,22315.5,926.0,18719.69,139,,เจ้าพรหม
12/6/2569,,20994.0,0.0,-208,21202.0,0.0,0,50.0,0,21152.0,734.0,20418.0,0,0,10.0,0,0,19209.21,1198.79,20408.0,783.0,17255.68,151,,เจ้าพรหม
13/6/2569,,16434.0,0.0,-242,16676.0,0.0,0,75.0,0,16601.0,300.0,16301.0,0,0,0.0,0,0,15401.46,899.54,16301.0,711.0,13253.7,145,,เจ้าพรหม
14/6/2569,,19332.0,0.0,-174,19506.0,0.0,0,50.0,0,19456.0,150.0,19306.0,0,0,0.0,0,0,18174.5,1131.5,19306.0,701.0,15739.13,163,,เจ้าพรหม
15/6/2569,,23851.0,0.0,-202,24053.0,0.0,0,140.0,0,23913.0,350.0,23563.0,0,0,0.0,0,0,22159.35,1403.65,23563.0,1023.0,19769.74,143,,เจ้าพรหม
16/6/2569,,18626.0,0.0,-206,18832.0,0.0,0,150.0,0,18682.0,250.0,18432.0,0,0,0.0,0,0,17374.03,1057.97,18432.0,731.0,14972.09,159,,เจ้าพรหม
17/6/2569,,22735.0,0.0,-166,22901.0,0.0,0,95.0,0,22806.0,500.0,22306.0,0,0,0.0,0,0,20985.81,1320.19,22306.0,963.0,18444.74,159,,เจ้าพรหม
18/6/2569,,22811.0,0.0,-267,23078.0,0.0,0,75.0,0,23003.0,250.0,22753.0,0,0,0.0,0,0,21441.06,1311.94,22753.0,908.0,18756.81,150,,เจ้าพรหม
19/6/2569,,22371.0,0.0,-292,22663.0,0.0,0,125.0,0,22538.0,300.0,22238.0,0,0,0.0,0,0,20991.58,1246.42,22238.0,823.0,17783.34,166,,เจ้าพรหม
20/6/2569,,17280.0,0.0,-135,17415.0,0.0,0,90.0,0,17325.0,300.0,17025.0,0,0,0.0,0,0,16006.84,1018.16,17025.0,653.0,14031.48,150,,เจ้าพรหม
21/6/2569,,21895.0,0.0,-248,22143.0,0.0,0,75.0,0,22068.0,300.0,21768.0,0,0,0.0,0,0,20499.77,1268.23,21768.0,806.0,17484.71,168,,เจ้าพรหม
22/6/2569,,23938.0,0.0,-162,24100.0,0.0,0,135.0,0,23965.0,350.0,23615.0,0,0,0.0,0,0,22187.87,1427.13,23615.0,1176.0,19793.83,163,,เจ้าพรหม
23/6/2569,,25166.0,0.0,-248,25414.0,0.0,0,175.0,0,25239.0,400.0,24839.0,0,0,0.0,0,0,23385.03,1453.97,24839.0,949.0,20163.53,170,,เจ้าพรหม
24/6/2569,,26981.0,0.0,-160,27141.0,0.0,0,120.0,0,27021.0,250.0,26771.0,0,0,0.0,0,0,25173.31,1597.69,26771.0,1093.0,22016.02,168,,เจ้าพรหม
25/6/2569,,27093.0,0.0,-241,27334.0,0.0,0,85.0,0,27249.0,550.0,26699.0,0,0,0.0,0,0,25116.98,1582.02,26699.0,1179.0,21995.28,160,,เจ้าพรหม
26/6/2569,,23157.0,0.0,-208,23365.0,0.0,0,135.0,0,23230.0,350.0,22880.0,0,0,0.0,0,0,21540.1,1339.9,22880.0,901.0,18788.47,160,,เจ้าพรหม
27/6/2569,,20239.0,0.0,-255,20494.0,0.0,0,60.0,0,20434.0,250.0,20184.0,0,0,0.0,0,0,19053.21,1130.79,20184.0,784.0,16099.05,160,,เจ้าพรหม
28/6/2569,,18489.5,0.0,-134,18623.5,0.0,0,80.0,0,18543.5,150.0,18393.5,0,0,0.0,0,0,17296.43,1097.07,18393.5,762.0,14898.44,176,,เจ้าพรหม
29/6/2569,,26606.0,0.0,-228,26834.0,0.0,0,140.0,0,26694.0,205.0,26489.0,0,0,10.0,0,0,24901.89,1577.11,26479.0,1147.0,21764.85,167,,เจ้าพรหม
30/6/2569,,23723.0,0.0,-207,23930.0,0.0,0,160.0,0,23770.0,550.0,23220.0,0,0,0.0,0,0,21871.16,1348.84,23220.0,928.0,19330.75,150,,เจ้าพรหม
1/7/2569,,23435.0,0.0,-296,23731.0,0.0,0,105.0,0,23626.0,595.0,23031.0,0,0,140.0,0,0,21578.16,1312.84,22891.0,960.0,18757.32,156,,เจ้าพรหม
2/7/2569,,24977.0,0.0,-384,25361.0,0.0,0,105.0,0,25256.0,657.0,24599.0,0,0,24.0,0,0,23209.17,1365.83,24575.0,865.0,19896.99,170,,เจ้าพรหม
3/7/2569,,22690.0,0.0,-240,22930.0,0.0,0,90.0,0,22840.0,285.0,22555.0,0,0,236.0,0,0,21015.21,1303.79,22319.0,882.0,18393.98,167,,เจ้าพรหม
4/7/2569,,20427.0,0.0,-276,20703.0,0.0,0,120.0,0,20583.0,307.0,20276.0,0,0,158.0,0,0,18972.54,1145.46,20118.0,751.0,16428.68,143,,เจ้าพรหม
5/7/2569,,21726.0,0.0,-196,21922.0,0.0,0,105.0,0,21817.0,459.0,21358.0,0,0,91.0,0,0,20001.8,1265.2,21267.0,870.0,17411.51,164,,เจ้าพรหม
6/7/2569,,22244.5,0.0,-190,22434.5,0.0,0,90.0,0,22344.5,271.0,22073.5,0,0,284.0,0,0,20486.75,1302.75,21789.5,922.0,18202.15,154,,เจ้าพรหม
7/7/2569,,26455.5,0.0,-208,26663.5,0.0,0,100.0,0,26563.5,261.0,26302.5,0,0,286.0,0,0,24455.86,1560.64,26016.5,972.0,21412.33,155,,เจ้าพรหม
8/7/2569,,25008.0,0.0,-234,25242.0,0.0,0,137.0,0,25105.0,256.0,24849.0,0,0,350.0,0,0,23042.88,1456.12,24499.0,995.0,20344.37,134,,เจ้าพรหม
9/7/2569,,25821.0,0.0,-368,26189.0,0.0,0,189.0,0,26000.0,212.0,25788.0,0,0,422.0,0,0,23935.21,1430.79,25366.0,832.0,20635.72,146,,เจ้าพรหม
10/7/2569,,21286.0,0.0,-248,21534.0,0.0,0,105.0,0,21429.0,655.0,20774.0,0,0,177.0,0,0,19403.46,1193.54,20597.0,836.0,17283.99,160,,เจ้าพรหม
11/7/2569,,18564.0,0.0,-230,18794.0,0.0,0,80.0,0,18714.0,204.0,18510.0,0,0,114.0,0,0,17338.34,1057.66,18396.0,770.0,14903.66,156,,เจ้าพรหม
12/7/2569,,22793.0,0.0,-196,22989.0,0.0,0,50.0,0,22939.0,303.0,22636.0,0,0,160.0,0,0,21133.93,1342.07,22476.0,857.0,18240.39,161,,เจ้าพรหม
13/7/2569,,25262.0,0.0,-394,25656.0,0.0,0,130.0,0,25526.0,656.0,24870.0,0,0,267.0,0,0,23234.82,1368.18,24603.0,961.0,20699.11,154,,เจ้าพรหม
14/7/2569,,26497.5,0.0,-238,26735.5,0.0,0,150.0,0,26585.5,314.0,26271.5,0,0,430.0,0,0,24303.72,1537.78,25841.5,981.0,21632.7,162,,เจ้าพรหม
15/7/2569,,27655.0,0.0,-174,27829.0,0.0,0,110.0,0,27719.0,708.0,27011.0,0,0,483.0,0,0,24911.42,1616.58,26528.0,1124.0,22626.87,154,,เจ้าพรหม
16/7/2569,,27902.0,0.0,-284,28186.0,0.0,0,157.0,0,28029.0,318.0,27711.0,0,0,318.0,0,0,25783.77,1609.23,27393.0,1119.0,22914.18,183,,เจ้าพรหม
17/7/2569,,27511.0,0.0,-276,27787.0,0.0,0,68.0,0,27719.0,209.0,27510.0,0,0,378.0,0,0,25536.21,1595.79,27132.0,902.0,21664.16,163,,เจ้าพรหม
18/7/2569,,16710.0,0.0,-274,16984.0,0.0,0,65.0,0,16919.0,121.0,16798.0,0,0,121.0,0,0,15763.59,913.41,16677.0,688.0,13354.23,141,,เจ้าพรหม
19/7/2569,,26866.0,0.0,-326,27192.0,0.0,0,90.0,0,27102.0,556.0,26546.0,0,0,410.0,0,0,24632.73,1503.27,26136.0,960.0,20214.52,154,,เจ้าพรหม
20/7/2569,,26612.0,0.0,-344,26956.0,0.0,0,130.0,0,26826.0,228.0,26598.0,0,0,357.0,0,0,24733.43,1507.57,26241.0,1060.0,21833.7,178,,เจ้าพรหม
21/7/2569,,25001.0,0.0,-256,25257.0,0.0,0,140.0,0,25117.0,606.0,24511.0,0,0,248.0,0,0,22852.65,1410.35,24263.0,916.0,20401.66,174,,เจ้าพรหม
22/7/2569,,24664.0,0.0,0,24664.0,0.0,0,127.0,0,24537.0,361.0,24176.0,0,0,154.0,0,0,22612.68,1409.32,24022.0,921.0,19973.6,169,,เจ้าพรหม
23/7/2569,,27313.5,0.0,0,27313.5,0.0,0,75.0,0,27238.5,600.0,26638.5,0,0,510.0,0,0,24544.29,1584.21,26128.5,1077.0,22396.65,143,,เจ้าพรหม
24/7/2569,,30007.5,0.0,0,30007.5,0.0,0,165.0,0,29842.5,410.0,29432.5,0,0,433.0,0,0,27297.19,1702.31,28999.5,1033.0,24024.61,173,,เจ้าพรหม
25/7/2569,,26280.5,0.0,0,26280.5,0.0,0,145.0,0,26135.5,207.0,25928.5,0,0,181.0,0,0,24294.52,1452.98,25747.5,1004.0,21154.34,194,,เจ้าพรหม
26/7/2569,,19555.0,0.0,0,19555.0,0.0,0,82.0,0,19473.0,152.0,19321.0,0,0,100.0,0,0,18113.7,1107.3,19221.0,823.0,15930.12,153,,เจ้าพรหม
27/7/2569,,32818.5,0.0,-348,33166.5,0.0,0,180.0,0,32986.5,400.0,32586.5,0,0,460.0,0,0,30248.6,1877.9,32126.5,1257.0,27321.54,175,,เจ้าพรหม
28/7/2569,,30097.0,0.0,-352,30449.0,0.0,0,245.0,0,30204.0,456.0,29748.0,0,0,333.0,0,0,27713.58,1701.42,29415.0,1121.0,24382.69,189,,เจ้าพรหม
29/7/2569,,32808.0,0.0,-400,33208.0,0.0,0,185.0,0,33023.0,709.0,32314.0,0,0,331.0,0,0,30140.34,1842.66,31983.0,1496.0,26766.21,202,,เจ้าพรหม
30/7/2569,,32588.0,0.0,-390,32978.0,0.0,0,135.0,0,32843.0,558.0,32285.0,0,0,561.0,0,0,29884.86,1839.14,31724.0,1237.0,26505.15,172,,เจ้าพรหม
31/7/2569,,19225.0,0.0,-228,19453.0,0.0,0,80.0,0,19373.0,0.0,19373.0,0,0,80.0,0,0,18174.88,1118.12,19293.0,765.0,15774.42,141,,เจ้าพรหม
1/8/2569,,23266.0,0.0,-318,23584.0,0.0,0,75.0,0,23509.0,200.0,23309.0,0,0,0.0,0,0,21984.87,1324.13,23309.0,890.0,18446.75,162,,เจ้าพรหม
2/8/2569,,26741.0,0.0,-312,27053.0,0.0,0,95.0,0,26958.0,400.0,26558.0,0,0,0.0,0,0,25028.5,1529.5,26558.0,887.0,21251.99,194,,เจ้าพรหม
3/8/2569,,25822.0,0.0,-272,26094.0,0.0,0,206.0,0,25888.0,350.0,25538.0,0,0,10.0,0,0,24035.81,1492.19,25528.0,1034.0,21183.22,174,,เจ้าพรหม
4/8/2569,,24670.0,0.0,-282,24952.0,0.0,0,130.0,0,24822.0,150.0,24672.0,0,0,0.0,0,0,23240.32,1431.68,24672.0,993.0,20308.58,158,,เจ้าพรหม
